$date
	Sat Mar 21 00:16:46 2026
$end
$version
	Icarus Verilog
$end
$timescale
	1ps
$end
$scope module stimulus $end
$var wire 4 ! mem_wmask [3:0] $end
$var wire 32 " mem_wdata [31:0] $end
$var wire 1 # mem_rstrb $end
$var wire 32 $ mem_addr [31:0] $end
$var reg 1 % clk $end
$var reg 1 & mem_rbusy $end
$var reg 32 ' mem_rdata [31:0] $end
$var reg 1 ( mem_wbusy $end
$var reg 1 ) reset $end
$var integer 32 * fail_count [31:0] $end
$var integer 32 + i [31:0] $end
$var integer 32 , pass_count [31:0] $end
$scope module DUT $end
$var wire 1 - branch_taken $end
$var wire 1 % clk $end
$var wire 32 . jalr_target [31:0] $end
$var wire 1 & mem_rbusy $end
$var wire 32 / mem_rdata [31:0] $end
$var wire 1 # mem_rstrb $end
$var wire 1 ( mem_wbusy $end
$var wire 32 0 mem_wdata [31:0] $end
$var wire 1 1 regwrite_en $end
$var wire 1 ) reset $end
$var wire 1 2 stall $end
$var wire 1 3 stall_fetch $end
$var wire 1 4 stall_load $end
$var wire 1 5 stall_store $end
$var wire 1 6 zero_flag $end
$var wire 32 7 write_back_data [31:0] $end
$var wire 4 8 store_mask [3:0] $end
$var wire 32 9 store_data [31:0] $end
$var wire 5 : rs2 [4:0] $end
$var wire 5 ; rs1 [4:0] $end
$var wire 1 < regwrite $end
$var wire 32 = read_data2 [31:0] $end
$var wire 32 > read_data1 [31:0] $end
$var wire 5 ? rd [4:0] $end
$var wire 7 @ opcode [6:0] $end
$var wire 32 A next_PC [31:0] $end
$var wire 1 B mem_write_ctrl $end
$var wire 4 C mem_wmask [3:0] $end
$var wire 2 D mem_to_reg [1:0] $end
$var wire 1 E mem_read $end
$var wire 1 F lui_flag $end
$var wire 32 G load_data [31:0] $end
$var wire 1 H jump $end
$var wire 1 I jalr_flag $end
$var wire 32 J imm_out [31:0] $end
$var wire 7 K funct7 [6:0] $end
$var wire 3 L funct3_ctrl [2:0] $end
$var wire 3 M funct3 [2:0] $end
$var wire 32 N branch_target [31:0] $end
$var wire 1 O branch_taken_raw $end
$var wire 1 P branch $end
$var wire 1 Q auipc_flag $end
$var wire 1 R alu_src $end
$var wire 32 S alu_result [31:0] $end
$var wire 32 T alu_in2 [31:0] $end
$var wire 32 U alu_in1 [31:0] $end
$var wire 4 V alu_control [3:0] $end
$var wire 32 W PC_plus4 [31:0] $end
$var parameter 1 X EXECUTE $end
$var parameter 1 Y FETCH $end
$var reg 32 Z PC [31:0] $end
$var reg 32 [ instr_reg [31:0] $end
$var reg 32 \ mem_addr [31:0] $end
$var reg 1 ] state $end
$scope module alu $end
$var wire 32 ^ in1 [31:0] $end
$var wire 32 _ in2 [31:0] $end
$var wire 4 ` alu_control [3:0] $end
$var reg 32 a alu_result [31:0] $end
$var reg 1 6 zero_flag $end
$upscope $end
$scope module branch_unit $end
$var wire 32 b alu_result [31:0] $end
$var wire 3 c funct3 [2:0] $end
$var wire 1 6 zero_flag $end
$var reg 1 O branch_taken $end
$upscope $end
$scope module control_unit $end
$var wire 3 d funct3 [2:0] $end
$var wire 7 e funct7 [6:0] $end
$var wire 7 f opcode [6:0] $end
$var reg 4 g alu_control [3:0] $end
$var reg 1 R alu_src $end
$var reg 1 Q auipc $end
$var reg 1 P branch $end
$var reg 3 h funct3_out [2:0] $end
$var reg 1 I jalr $end
$var reg 1 H jump $end
$var reg 1 F lui $end
$var reg 1 E mem_read $end
$var reg 2 i mem_to_reg [1:0] $end
$var reg 1 B mem_write $end
$var reg 1 < regwrite $end
$upscope $end
$scope module imm_gen $end
$var wire 32 j instruction [31:0] $end
$var wire 7 k opcode [6:0] $end
$var reg 32 l imm_out [31:0] $end
$upscope $end
$scope module load_ext $end
$var wire 2 m byte_offset [1:0] $end
$var wire 3 n funct3 [2:0] $end
$var wire 32 o raw_data [31:0] $end
$var wire 16 p half_sel [15:0] $end
$var wire 8 q byte_sel [7:0] $end
$var reg 32 r load_data [31:0] $end
$upscope $end
$scope module reg_file $end
$var wire 1 % clock $end
$var wire 32 s read_data1 [31:0] $end
$var wire 32 t read_data2 [31:0] $end
$var wire 5 u read_reg_num1 [4:0] $end
$var wire 5 v read_reg_num2 [4:0] $end
$var wire 1 1 regwrite $end
$var wire 1 ) reset $end
$var wire 32 w write_data [31:0] $end
$var wire 5 x write_reg [4:0] $end
$var integer 32 y i [31:0] $end
$upscope $end
$scope module store_unit $end
$var wire 2 z byte_offset [1:0] $end
$var wire 3 { funct3 [2:0] $end
$var wire 32 | rs2_data [31:0] $end
$var reg 32 } store_data [31:0] $end
$var reg 4 ~ store_mask [3:0] $end
$upscope $end
$upscope $end
$scope task check $end
$var reg 32 !" exp [31:0] $end
$var reg 32 "" got [31:0] $end
$var reg 256 #" label [255:0] $end
$var reg 5 $" rn [4:0] $end
$upscope $end
$scope task check_mem $end
$var reg 32 %" addr [31:0] $end
$var reg 32 &" exp [31:0] $end
$var reg 32 '" got [31:0] $end
$var reg 256 (" label [255:0] $end
$upscope $end
$scope task hard_reset $end
$upscope $end
$scope task load_word $end
$var reg 32 )" addr [31:0] $end
$var reg 32 *" word [31:0] $end
$upscope $end
$scope task run $end
$var integer 32 +" c [31:0] $end
$var integer 32 ," n [31:0] $end
$upscope $end
$upscope $end
$enddefinitions $end
$comment Show the parameter values. $end
$dumpall
0Y
1X
$end
#0
$dumpvars
b10 ,"
b0 +"
bx *"
bx )"
bx ("
bx '"
bx &"
bx %"
bx $"
bx #"
bx ""
bx !"
bx ~
bx }
bx |
bx {
bx z
b100000 y
bx x
bx w
bx v
bx u
bx t
bx s
bx r
bx q
bx p
bx o
bx n
bx m
bx l
bx k
bx j
bx i
bx h
bx g
bx f
bx e
bx d
bx c
bx b
bx a
bx `
bx _
bx ^
x]
bx \
bx [
bx Z
bx W
bx V
bx U
bx T
bx S
xR
xQ
xP
xO
bx N
bx M
bx L
bx K
bx J
xI
xH
bx G
xF
xE
bx D
bx C
xB
bx A
bx @
bx ?
bx >
bx =
x<
bx ;
bx :
bx 9
bx 8
bx 7
x6
05
04
03
02
x1
bx 0
bx /
bx0 .
x-
b0 ,
bx +
b0 *
1)
0(
bx '
0&
0%
bx $
x#
bx "
bx !
$end
#10000
b0 7
b0 w
b1 8
b1 ~
b100 A
1O
b0 m
b0 z
b0 .
0-
16
b0 S
b0 a
b0 b
b0 !
b0 C
01
b0 U
b0 ^
b0 "
b0 0
b0 9
b0 }
b0 L
b0 h
0F
0Q
0I
0H
0P
b0 D
b0 i
0B
0E
1<
1R
b10 V
b10 `
b10 g
b0 T
b0 _
1#
b10011 @
b10011 f
b0 ?
b0 x
b0 M
b0 c
b0 d
b0 n
b0 {
b0 >
b0 s
b0 ;
b0 u
b0 =
b0 t
b0 |
b0 :
b0 v
b0 K
b0 e
b0 N
b0 J
b0 l
b10011 k
b0 $
b0 \
b10011 [
b10011 j
b100 W
b0 Z
0]
b1 +"
1%
#20000
0%
#30000
b10 +"
1%
#31000
b0 G
b0 r
b0 q
b0 p
b0 '
b0 /
b0 o
b0 +"
b110 ,"
b1000000000000 +
#40000
0%
#50000
b1 +"
1%
#60000
0%
#70000
b10 +"
1%
#80000
0%
#90000
b11 +"
1%
#100000
0%
#110000
b100 +"
1%
#120000
0%
#130000
b101 +"
1%
#140000
0%
#150000
b110 +"
1%
#151000
0)
#152000
b11111111111111111111111110010011 G
b11111111111111111111111110010011 r
b10010011 q
b10010011 p
b111100000000000010010011 '
b111100000000000010010011 /
b111100000000000010010011 o
b0 +"
b110000 ,"
b1101111 *"
b1000100 )"
#160000
0%
#170000
b1111 7
b1111 w
b0 G
b0 r
b11110000 p
b0 q
b1000 8
b1000 ~
0O
b11 m
b11 z
b1110 .
11
06
b1111 S
b1111 a
b1111 b
0#
b1111 T
b1111 _
b1 ?
b1 x
b1111 :
b1111 v
b1111 N
b1111 J
b1111 l
1]
b111100000000000010010011 [
b111100000000000010010011 j
b1 +"
1%
#180000
0%
#190000
01
b110000 p
b1000 A
1#
b1100000000000100010011 '
b1100000000000100010011 /
b1100000000000100010011 o
b100 $
b100 \
0]
b1000 W
b10011 N
b100 Z
b10 +"
1%
#200000
0%
#210000
b11 7
b11 w
b10 .
11
b11 S
b11 a
b11 b
0#
b11 T
b11 _
b10 ?
b10 x
b11 :
b11 v
b111 N
b11 J
b11 l
1]
b1100000000000100010011 [
b1100000000000100010011 j
b11 +"
1%
#220000
0%
#230000
01
b100000 p
b1100 A
1#
b1000001000000110110011 '
b1000001000000110110011 /
b1000001000000110110011 o
b1000 $
b1000 \
0]
b1100 W
b1011 N
b1000 Z
b100 +"
1%
#240000
0%
#250000
b100000 G
b100000 r
b100000 q
b100 8
b100 ~
b10010 7
b10010 w
b10 m
b10 z
b10010 .
11
b10010 S
b10010 a
b10010 b
0#
1<
0R
b1111 U
b1111 ^
b11000000110000001100000011 "
b11000000110000001100000011 0
b11000000110000001100000011 9
b11000000110000001100000011 }
b11 T
b11 _
b110011 @
b110011 f
b11 ?
b11 x
b1111 >
b1111 s
b1 ;
b1 u
b11 =
b11 t
b11 |
b10 :
b10 v
b1000 N
b0 J
b0 l
b110011 k
1]
b1000001000000110110011 [
b1000001000000110110011 j
b101 +"
1%
#260000
0%
#270000
01
b100000000100000 p
b10000 A
1#
b1000000001000001000001000110011 '
b1000000001000001000001000110011 /
b1000000001000001000001000110011 o
b1100 $
b1100 \
0]
b10000 W
b1100 N
b1100 Z
b110 +"
1%
#280000
0%
#290000
b1100 7
b1100 w
b110011 G
b110011 r
b1000001000110011 p
b110011 q
b1 8
b1 ~
b0 m
b0 z
b1100 .
11
b1100 S
b1100 a
b1100 b
0#
b100 V
b100 `
b100 g
1<
b100 ?
b100 x
b100000 K
b100000 e
1]
b1000000001000001000001000110011 [
b1000000001000001000001000110011 j
b111 +"
1%
#300000
0%
#310000
01
b11111111111111111111111110110011 G
b11111111111111111111111110110011 r
b10110011 q
b1100001010110011 p
b10100 A
1#
b1000001100001010110011 '
b1000001100001010110011 /
b1000001100001010110011 o
b10000 $
b10000 \
0]
b10100 W
b10000 N
b10000 Z
b1000 +"
1%
#320000
0%
#330000
11
0#
b10110011 G
b10110011 r
b0 8
b0 ~
b0 "
b0 0
b0 9
b0 }
b100 L
b100 h
1<
b111 V
b111 `
b111 g
b101 ?
b101 x
b100 M
b100 c
b100 d
b100 n
b100 {
b0 K
b0 e
1]
b1000001100001010110011 [
b1000001100001010110011 j
b1001 +"
1%
#340000
0%
#350000
01
b110011 G
b110011 r
b110011 q
b1110001100110011 p
b11000 A
1#
b1000001110001100110011 '
b1000001110001100110011 /
b1000001110001100110011 o
b10100 $
b10100 \
0]
b11000 W
b10100 N
b10100 Z
b1010 +"
1%
#360000
0%
#370000
b1111 7
b1111 w
b100000 p
b0 q
1O
b11 m
b11 z
b1110 .
11
b1111 S
b1111 a
b1111 b
0#
b110 L
b110 h
1<
b1 V
b1 `
b1 g
bx G
bx r
b110 ?
b110 x
b110 M
b110 c
b110 d
b110 n
b110 {
1]
b1000001110001100110011 [
b1000001110001100110011 j
b1011 +"
1%
#380000
0%
#390000
01
b11100 A
1#
b1000001111001110110011 '
b1000001111001110110011 /
b1000001111001110110011 o
b11000 $
b11000 \
0]
b11100 W
b11000 N
b11000 Z
b1100 +"
1%
#400000
0%
#410000
b11 7
b11 w
b10 .
11
b11 S
b11 a
b11 b
0#
0O
b111 L
b111 h
1<
b0 V
b0 `
b0 g
b111 ?
b111 x
b111 M
b111 c
b111 d
b111 n
b111 {
1]
b1000001111001110110011 [
b1000001111001110110011 j
b1101 +"
1%
#420000
0%
#430000
01
b100000 A
1#
b1000001010010000110011 '
b1000001010010000110011 /
b1000001010010000110011 o
b11100 $
b11100 \
0]
b100000 W
b11100 N
b11100 Z
b1110 +"
1%
#440000
0%
#450000
b0 7
b0 w
b1010010000110011 p
b110011 q
b0 m
b0 z
b0 .
11
16
b0 S
b0 a
b0 b
0#
b10 L
b10 h
1<
b1000 V
b1000 `
b1000 g
b1000001010010000110011 G
b1000001010010000110011 r
b1111 8
b1111 ~
b11 "
b11 0
b11 9
b11 }
b1000 ?
b1000 x
b10 M
b10 c
b10 d
b10 n
b10 {
1]
b1000001010010000110011 [
b1000001010010000110011 j
b1111 +"
1%
#460000
0%
#470000
01
b100010010010010110011 G
b100010010010010110011 r
b10110011 q
b10010010110011 p
b100100 A
1#
b100010010010010110011 '
b100010010010010110011 /
b100010010010010110011 o
b100000 $
b100000 \
0]
b100100 W
b100000 N
b100000 Z
b10000 +"
1%
#480000
0%
#490000
b1 7
b1 w
b100100 q
b1 m
b1 z
11
06
b1 S
b1 a
b1 b
0#
b11 U
b11 ^
b1111 "
b1111 0
b1111 9
b1111 }
b1111 T
b1111 _
b1001 ?
b1001 x
b11 >
b11 s
b10 ;
b10 u
b1111 =
b1111 t
b1111 |
b1 :
b1 v
1]
b100010010010010110011 [
b100010010010010110011 j
b10001 +"
1%
#500000
0%
#510000
01
b1000001011010100110011 G
b1000001011010100110011 r
b10110101 q
b1011010100110011 p
b101000 A
1#
b1000001011010100110011 '
b1000001011010100110011 /
b1000001011010100110011 o
b100100 $
b100100 \
0]
b101000 W
b100100 N
b100100 Z
b10010 +"
1%
#520000
0%
#530000
b0 7
b0 w
b110011 q
b0 m
b0 z
11
16
b0 S
b0 a
b0 b
0#
b11 L
b11 h
1<
b1001 V
b1001 `
b1001 g
bx G
bx r
b1111 U
b1111 ^
b0 8
b0 ~
b0 "
b0 0
b0 9
b0 }
b11 T
b11 _
b1010 ?
b1010 x
b11 M
b11 c
b11 d
b11 n
b11 {
b1111 >
b1111 s
b1 ;
b1 u
b11 =
b11 t
b11 |
b10 :
b10 v
1]
b1000001011010100110011 [
b1000001011010100110011 j
b10011 +"
1%
#540000
0%
#550000
01
b10110011 q
b11010110110011 p
b101100 A
1#
b100010011010110110011 '
b100010011010110110011 /
b100010011010110110011 o
b101000 $
b101000 \
0]
b101100 W
b101000 N
b101000 Z
b10100 +"
1%
#560000
0%
#570000
b1 7
b1 w
b110101 q
b1 m
b1 z
11
06
b1 S
b1 a
b1 b
0#
b11 U
b11 ^
b1111 T
b1111 _
b1011 ?
b1011 x
b11 >
b11 s
b10 ;
b10 u
b1111 =
b1111 t
b1111 |
b1 :
b1 v
1]
b100010011010110110011 [
b100010011010110110011 j
b10101 +"
1%
#580000
0%
#590000
01
b0 q
b10010011 p
b110000 A
1#
b100000000000010010011 '
b100000000000010010011 /
b100000000000010010011 o
b101100 $
b101100 \
0]
b110000 W
b101100 N
b101100 Z
b10110 +"
1%
#600000
0%
#610000
b1 7
b1 w
b10010011 p
b1 m
b1 z
b0 .
11
b1 T
b1 _
b1 S
b1 a
b1 b
0#
1R
b0 L
b0 h
1<
b10 V
b10 `
b10 g
b0 G
b0 r
b10 8
b10 ~
b1111000011110000111100001111 "
b1111000011110000111100001111 0
b1111000011110000111100001111 9
b1111000011110000111100001111 }
b0 U
b0 ^
b10011 @
b10011 f
b1 ?
b1 x
b0 M
b0 c
b0 d
b0 n
b0 {
b0 >
b0 s
b0 ;
b0 u
b101101 N
b1 J
b1 l
b10011 k
1]
b100000000000010010011 [
b100000000000010010011 j
b10111 +"
1%
#620000
0%
#630000
01
b1 G
b1 r
b1 q
b100010011 p
b110100 A
1#
b1100000000000100010011 '
b1100000000000100010011 /
b1100000000000100010011 o
b110000 $
b110000 \
b1000000010000000100000001 "
b1000000010000000100000001 0
b1000000010000000100000001 9
b1000000010000000100000001 }
0]
b110100 W
b110001 N
b110000 Z
b1 =
b1 t
b1 |
b11000 +"
1%
#640000
0%
#650000
b11 7
b11 w
b0 G
b0 r
b110000 p
b0 q
b1000 8
b1000 ~
b11 m
b11 z
b10 .
11
b11 S
b11 a
b11 b
0#
b10010000100100001001000010010 "
b10010000100100001001000010010 0
b10010000100100001001000010010 9
b10010000100100001001000010010 }
b11 T
b11 _
b10 ?
b10 x
b10010 =
b10010 t
b10010 |
b11 :
b11 v
b110011 N
b11 J
b11 l
1]
b1100000000000100010011 [
b1100000000000100010011 j
b11001 +"
1%
#660000
0%
#670000
01
b100000 p
b111000 A
1#
b1000001001011000110011 '
b1000001001011000110011 /
b1000001001011000110011 o
b110100 $
b110100 \
0]
b111000 W
b110111 N
b110100 Z
b11010 +"
1%
#680000
0%
#690000
b1000 7
b1000 w
b1001011000110011 p
b110011 q
b0 m
b0 z
b1000 .
11
b1000 S
b1000 a
b1000 b
0#
1O
b11 V
b11 `
b11 g
b1 L
b1 h
1<
0R
b11111111111111111001011000110011 G
b11111111111111111001011000110011 r
b1 U
b1 ^
b11 8
b11 ~
b110000000000000011 "
b110000000000000011 0
b110000000000000011 9
b110000000000000011 }
b11 T
b11 _
b110011 @
b110011 f
b1100 ?
b1100 x
b1 M
b1 c
b1 d
b1 n
b1 {
b1 >
b1 s
b1 ;
b1 u
b11 =
b11 t
b11 |
b10 :
b10 v
b110100 N
b0 J
b0 l
b110011 k
1]
b1000001001011000110011 [
b1000001001011000110011 j
b11011 +"
1%
#700000
0%
#710000
01
b10010011 G
b10010011 r
b10010011 q
b10010011 p
b111100 A
1#
b1000000000000000010010011 '
b1000000000000000010010011 /
b1000000000000000010010011 o
b111000 $
b111000 \
0]
b111100 W
b111000 N
b111000 Z
b11100 +"
1%
#720000
0%
#730000
b10000 7
b10000 w
b10000 .
11
06
b10000 S
b10000 a
b10000 b
0#
0O
1R
b0 L
b0 h
1<
b10 V
b10 `
b10 g
b11111111111111111111111110010011 G
b11111111111111111111111110010011 r
b0 U
b0 ^
b1 8
b1 ~
b0 "
b0 0
b0 9
b0 }
b10000 T
b10000 _
b10011 @
b10011 f
b1 ?
b1 x
b0 M
b0 c
b0 d
b0 n
b0 {
b0 >
b0 s
b0 ;
b0 u
b0 =
b0 t
b0 |
b10000 :
b10000 v
b1001000 N
b10000 J
b10000 l
b10011 k
1]
b1000000000000000010010011 [
b1000000000000000010010011 j
b11101 +"
1%
#740000
0%
#750000
01
b10011 G
b10011 r
b10011 q
b100010011 p
b1000000 A
1#
b1000000000000100010011 '
b1000000000000100010011 /
b1000000000000100010011 o
b111100 $
b111100 \
0]
b1000000 W
b1001100 N
b111100 Z
b11110 +"
1%
#760000
0%
#770000
b10 7
b10 w
b100000 G
b100000 r
b100000 p
b100000 q
b100 8
b100 ~
b10 m
b10 z
b10 .
11
b10 S
b10 a
b10 b
0#
b11000000110000001100000011 "
b11000000110000001100000011 0
b11000000110000001100000011 9
b11000000110000001100000011 }
b10 T
b10 _
b10 ?
b10 x
b11 =
b11 t
b11 |
b10 :
b10 v
b111110 N
b10 J
b10 l
1]
b1000000000000100010011 [
b1000000000000100010011 j
b11111 +"
1%
#780000
0%
#790000
01
b1000100 A
1#
b1000001101011010110011 '
b1000001101011010110011 /
b1000001101011010110011 o
b1000000 $
b1000000 \
b10000000100000001000000010 "
b10000000100000001000000010 0
b10000000100000001000000010 9
b10000000100000001000000010 }
0]
b1000100 W
b1000010 N
b1000000 Z
b10 =
b10 t
b10 |
b100000 +"
1%
#800000
0%
#810000
b100 7
b100 w
b1101011010110011 G
b1101011010110011 r
b1101011010110011 p
b10110011 q
b0 m
b0 z
b100 .
11
b100 S
b100 a
b100 b
0#
1O
b101 V
b101 `
b101 g
b101 L
b101 h
1<
0R
b0 8
b0 ~
b0 "
b0 0
b0 9
b0 }
b10000 U
b10000 ^
b10 T
b10 _
b110011 @
b110011 f
b1101 ?
b1101 x
b101 M
b101 c
b101 d
b101 n
b101 {
b10000 >
b10000 s
b1 ;
b1 u
b1000000 N
b0 J
b0 l
b110011 k
1]
b1000001101011010110011 [
b1000001101011010110011 j
b100001 +"
1%
#820000
0%
#830000
01
b1101111 G
b1101111 r
b1101111 q
b1101111 p
b1001000 A
1#
b1101111 '
b1101111 /
b1101111 o
b1000100 $
b1000100 \
0]
b1001000 W
b1000100 N
b1000100 Z
b100010 +"
1%
#840000
0%
#850000
b1001000 7
b1001000 w
b1000100 A
b0 .
11
16
b0 S
b0 a
b0 b
0#
1O
b10 D
b10 i
1H
b0 L
b0 h
1<
b10 V
b10 `
b10 g
b0 U
b0 ^
b1 8
b1 ~
b0 T
b0 _
b1101111 @
b1101111 f
b0 ?
b0 x
b0 M
b0 c
b0 d
b0 n
b0 {
b0 >
b0 s
b0 ;
b0 u
b0 =
b0 t
b0 |
b0 :
b0 v
b1101111 k
1]
b1101111 [
b1101111 j
b100011 +"
1%
#860000
0%
#870000
01
1#
0]
b100100 +"
1%
#880000
0%
#890000
11
0#
1]
b100101 +"
1%
#900000
0%
#910000
01
1#
0]
b100110 +"
1%
#920000
0%
#930000
11
0#
1]
b100111 +"
1%
#940000
0%
#950000
01
1#
0]
b101000 +"
1%
#960000
0%
#970000
11
0#
1]
b101001 +"
1%
#980000
0%
#990000
01
1#
0]
b101010 +"
1%
#1000000
0%
#1010000
11
0#
1]
b101011 +"
1%
#1020000
0%
#1030000
01
1#
0]
b101100 +"
1%
#1040000
0%
#1050000
11
0#
1]
b101101 +"
1%
#1060000
0%
#1070000
01
1#
0]
b101110 +"
1%
#1080000
0%
#1090000
11
0#
1]
b101111 +"
1%
#1100000
0%
#1110000
01
1#
0]
b110000 +"
1%
#1111000
b0 G
b0 r
b0 q
b0 p
b0 '
b0 /
b0 o
b100000 y
b0 +"
b110 ,"
b1000000000000 +
1)
b1011 ,
b100 ""
b1110011011100100110110000100000001000000011000100110110001111100011111000110010 #"
b100 !"
b1101 $"
#1120000
0%
#1130000
b0 7
b0 w
1R
0H
b0 D
b0 i
1<
b100 A
b10011 @
b10011 f
b10011 k
b0 $
b0 \
b10011 [
b10011 j
b100 W
b0 N
b0 Z
b1 +"
1%
#1140000
0%
#1150000
b10 +"
1%
#1160000
0%
#1170000
b11 +"
1%
#1180000
0%
#1190000
b100 +"
1%
#1200000
0%
#1210000
b101 +"
1%
#1220000
0%
#1230000
b110 +"
1%
#1231000
0)
#1232000
b11111111111111111111111110010011 G
b11111111111111111111111110010011 r
b10010011 q
b10010011 p
b11111111100000000000000010010011 '
b11111111100000000000000010010011 /
b11111111100000000000000010010011 o
b0 +"
b1110 ,"
b1101111 *"
b10000 )"
#1240000
0%
#1250000
b11111111111111111111111111111000 7
b11111111111111111111111111111000 w
0O
b11111111111111111111111111111000 .
11
06
b11111111111111111111111111111000 S
b11111111111111111111111111111000 a
b11111111111111111111111111111000 b
0#
1<
1R
b11111111111111111111111111111000 T
b11111111111111111111111111111000 _
b1 ?
b1 x
b11000 :
b11000 v
b1111111 K
b1111111 e
b11111111111111111111111111111000 N
b11111111111111111111111111111000 J
b11111111111111111111111111111000 l
1]
b11111111100000000000000010010011 [
b11111111100000000000000010010011 j
b1 +"
1%
#1260000
0%
#1270000
01
b10011 G
b10011 r
b10011 q
b100010011 p
b1000 A
1#
b1000000000000100010011 '
b1000000000000100010011 /
b1000000000000100010011 o
b100 $
b100 \
0]
b1000 W
b11111111111111111111111111111100 N
b100 Z
b10 +"
1%
#1280000
0%
#1290000
b10 7
b10 w
b100000 G
b100000 r
b100000 p
b100000 q
b100 8
b100 ~
b10 m
b10 z
b10 .
11
b10 S
b10 a
b10 b
0#
1<
1R
b10 T
b10 _
b10 ?
b10 x
b10 :
b10 v
b0 K
b0 e
b110 N
b10 J
b10 l
1]
b1000000000000100010011 [
b1000000000000100010011 j
b11 +"
1%
#1300000
0%
#1310000
01
b1100 A
1#
b1000001101000110110011 '
b1000001101000110110011 /
b1000001101000110110011 o
b1000 $
b1000 \
b10000000100000001000000010 "
b10000000100000001000000010 0
b10000000100000001000000010 9
b10000000100000001000000010 }
0]
b1100 W
b1010 N
b1000 Z
b10 =
b10 t
b10 |
b100 +"
1%
#1320000
0%
#1330000
b111111111111111111111111111110 7
b111111111111111111111111111110 w
b100000 G
b100000 r
b100000 p
b100000 q
b10 m
b10 z
b111111111111111111111111111110 .
11
b111111111111111111111111111110 S
b111111111111111111111111111110 a
b111111111111111111111111111110 b
0#
1O
b101 V
b101 `
b101 g
b101 L
b101 h
1<
0R
b0 8
b0 ~
b0 "
b0 0
b0 9
b0 }
b11111111111111111111111111111000 U
b11111111111111111111111111111000 ^
b10 T
b10 _
b110011 @
b110011 f
b11 ?
b11 x
b101 M
b101 c
b101 d
b101 n
b101 {
b11111111111111111111111111111000 >
b11111111111111111111111111111000 s
b1 ;
b1 u
b1000 N
b0 J
b0 l
b110011 k
1]
b1000001101000110110011 [
b1000001101000110110011 j
b101 +"
1%
#1340000
0%
#1350000
01
b100000000100000 G
b100000000100000 r
b100000000100000 p
b10000 A
1#
b1000000001000001101001000110011 '
b1000000001000001101001000110011 /
b1000000001000001101001000110011 o
b1100 $
b1100 \
0]
b10000 W
b1100 N
b1100 Z
b110 +"
1%
#1360000
0%
#1370000
b11111111111111111111111111111110 7
b11111111111111111111111111111110 w
b11111111111111111111111111111110 .
11
b11111111111111111111111111111110 S
b11111111111111111111111111111110 a
b11111111111111111111111111111110 b
0#
1<
b110 V
b110 `
b110 g
b100 ?
b100 x
b100000 K
b100000 e
1]
b1000000001000001101001000110011 [
b1000000001000001101001000110011 j
b111 +"
1%
#1380000
0%
#1390000
01
b0 G
b0 r
b0 q
b0 p
b10100 A
1#
b1101111 '
b1101111 /
b1101111 o
b10000 $
b10000 \
0]
b10100 W
b10000 N
b10000 Z
b1000 +"
1%
#1400000
0%
#1410000
b1101111 G
b1101111 r
b1101111 p
b10100 7
b10100 w
b1101111 q
b10000 A
b0 m
b0 z
b0 .
11
16
b0 S
b0 a
b0 b
0#
1O
b0 U
b0 ^
b1 8
b1 ~
b0 T
b0 _
b10 D
b10 i
1H
b0 L
b0 h
1<
b10 V
b10 `
b10 g
b1101111 @
b1101111 f
b0 ?
b0 x
b0 M
b0 c
b0 d
b0 n
b0 {
b0 >
b0 s
b0 ;
b0 u
b0 =
b0 t
b0 |
b0 :
b0 v
b0 K
b0 e
b1101111 k
1]
b1101111 [
b1101111 j
b1001 +"
1%
#1420000
0%
#1430000
01
1#
0]
b1010 +"
1%
#1440000
0%
#1450000
11
0#
1]
b1011 +"
1%
#1460000
0%
#1470000
01
1#
0]
b1100 +"
1%
#1480000
0%
#1490000
11
0#
1]
b1101 +"
1%
#1500000
0%
#1510000
01
1#
0]
b1110 +"
1%
#1511000
b0 G
b0 r
b0 q
b0 p
b0 '
b0 /
b0 o
b100000 y
b0 +"
b110 ,"
b1000000000000 +
1)
b1101 ,
b11111111111111111111111111111110 ""
b111001101110010011000010010000000101101001110000011111000111110001100100010000001101101011100110110001000101101011001100110100101101100011011000010000000100000001010000100111001001111010101000100010100101001 #"
b11111111111111111111111111111110 !"
b100 $"
#1520000
0%
#1530000
b0 7
b0 w
1R
0H
b0 D
b0 i
1<
b100 A
b10011 @
b10011 f
b10011 k
b0 $
b0 \
b10011 [
b10011 j
b100 W
b0 N
b0 Z
b1 +"
1%
#1540000
0%
#1550000
b10 +"
1%
#1560000
0%
#1570000
b11 +"
1%
#1580000
0%
#1590000
b100 +"
1%
#1600000
0%
#1610000
b101 +"
1%
#1620000
0%
#1630000
b110 +"
1%
#1631000
0)
#1632000
b11111111111111111111111110010011 G
b11111111111111111111111110010011 r
b10010011 q
b10010011 p
b100000000000010010011 '
b100000000000010010011 /
b100000000000010010011 o
b0 +"
b1110 ,"
b1101111 *"
b10000 )"
#1640000
0%
#1650000
b1 7
b1 w
b0 G
b0 r
b0 q
b10 8
b10 ~
0O
b1 m
b1 z
11
06
b1 S
b1 a
b1 b
0#
b1 T
b1 _
b1 ?
b1 x
b1 :
b1 v
b1 N
b1 J
b1 l
1]
b100000000000010010011 [
b100000000000010010011 j
b1 +"
1%
#1660000
0%
#1670000
01
b1 G
b1 r
b1 q
b100010011 p
b1000 A
1#
b11111111111100000000000100010011 '
b11111111111100000000000100010011 /
b11111111111100000000000100010011 o
b100 $
b100 \
b1000000010000000100000001 "
b1000000010000000100000001 0
b1000000010000000100000001 9
b1000000010000000100000001 }
0]
b1000 W
b101 N
b100 Z
b1 =
b1 t
b1 |
b10 +"
1%
#1680000
0%
#1690000
b11111111111111111111111111111111 7
b11111111111111111111111111111111 w
b11111111111111111111111111111111 G
b11111111111111111111111111111111 r
b1111111111110000 p
b11111111 q
b1000 8
b1000 ~
b11 m
b11 z
b11111111111111111111111111111110 .
11
b11111111111111111111111111111111 S
b11111111111111111111111111111111 a
b11111111111111111111111111111111 b
0#
b0 "
b0 0
b0 9
b0 }
1<
1R
b11111111111111111111111111111111 T
b11111111111111111111111111111111 _
b10 ?
b10 x
b0 =
b0 t
b0 |
b11111 :
b11111 v
b1111111 K
b1111111 e
b11 N
b11111111111111111111111111111111 J
b11111111111111111111111111111111 l
1]
b11111111111100000000000100010011 [
b11111111111100000000000100010011 j
b11 +"
1%
#1700000
0%
#1710000
01
b0 G
b0 r
b0 q
b100000 p
b1100 A
1#
b1000001010000110110011 '
b1000001010000110110011 /
b1000001010000110110011 o
b1000 $
b1000 \
0]
b1100 W
b111 N
b1000 Z
b100 +"
1%
#1720000
0%
#1730000
b0 7
b0 w
b1010000110110011 p
b10110011 q
b0 m
b0 z
b0 .
11
16
b0 S
b0 a
b0 b
0#
b1000001010000110110011 G
b1000001010000110110011 r
b1 U
b1 ^
b1111 8
b1111 ~
b11111111111111111111111111111111 "
b11111111111111111111111111111111 0
b11111111111111111111111111111111 9
b11111111111111111111111111111111 }
b1000 V
b1000 `
b1000 g
b10 L
b10 h
1<
0R
b11111111111111111111111111111111 T
b11111111111111111111111111111111 _
b110011 @
b110011 f
b11 ?
b11 x
b10 M
b10 c
b10 d
b10 n
b10 {
b1 >
b1 s
b1 ;
b1 u
b11111111111111111111111111111111 =
b11111111111111111111111111111111 t
b11111111111111111111111111111111 |
b10 :
b10 v
b0 K
b0 e
b1000 N
b0 J
b0 l
b110011 k
1]
b1000001010000110110011 [
b1000001010000110110011 j
b101 +"
1%
#1740000
0%
#1750000
01
b1000001011001000110011 G
b1000001011001000110011 r
b110011 q
b1011001000110011 p
b10000 A
1#
b1000001011001000110011 '
b1000001011001000110011 /
b1000001011001000110011 o
b1100 $
b1100 \
0]
b10000 W
b1100 N
b1100 Z
b110 +"
1%
#1760000
0%
#1770000
b1 7
b1 w
b10110010 q
b1 m
b1 z
11
06
b1 S
b1 a
b1 b
0#
b11 L
b11 h
1<
b1001 V
b1001 `
b1001 g
bx G
bx r
b0 8
b0 ~
b0 "
b0 0
b0 9
b0 }
b100 ?
b100 x
b11 M
b11 c
b11 d
b11 n
b11 {
1]
b1000001011001000110011 [
b1000001011001000110011 j
b111 +"
1%
#1780000
0%
#1790000
01
b0 q
b1101111 p
b10100 A
1#
b1101111 '
b1101111 /
b1101111 o
b10000 $
b10000 \
0]
b10100 W
b10000 N
b10000 Z
b1000 +"
1%
#1800000
0%
#1810000
b10100 7
b10100 w
b1101111 q
b10000 A
1O
b0 m
b0 z
11
16
b0 S
b0 a
b0 b
0#
b10 D
b10 i
1H
b0 L
b0 h
1<
b10 V
b10 `
b10 g
b1101111 G
b1101111 r
b0 U
b0 ^
b1 8
b1 ~
b0 T
b0 _
b1101111 @
b1101111 f
b0 ?
b0 x
b0 M
b0 c
b0 d
b0 n
b0 {
b0 >
b0 s
b0 ;
b0 u
b0 =
b0 t
b0 |
b0 :
b0 v
b1101111 k
1]
b1101111 [
b1101111 j
b1001 +"
1%
#1820000
0%
#1830000
01
1#
0]
b1010 +"
1%
#1840000
0%
#1850000
11
0#
1]
b1011 +"
1%
#1860000
0%
#1870000
01
1#
0]
b1100 +"
1%
#1880000
0%
#1890000
11
0#
1]
b1101 +"
1%
#1900000
0%
#1910000
01
1#
0]
b1110 +"
1%
#1911000
b0 G
b0 r
b0 q
b0 p
b0 '
b0 /
b0 o
b100000 y
b0 +"
b110 ,"
b1000000000000 +
1)
b1111 ,
b1 ""
b111001101101100011101000111010100100000001100010011110000110000011110000100011001000110010001100100011001000110010001100100011001000110001111010011000100100000001010000100111001001111010101000100010100101001 #"
b1 !"
b100 $"
#1920000
0%
#1930000
b0 7
b0 w
1R
0H
b0 D
b0 i
1<
b100 A
b10011 @
b10011 f
b10011 k
b0 $
b0 \
b10011 [
b10011 j
b100 W
b0 N
b0 Z
b1 +"
1%
#1940000
0%
#1950000
b10 +"
1%
#1960000
0%
#1970000
b11 +"
1%
#1980000
0%
#1990000
b100 +"
1%
#2000000
0%
#2010000
b101 +"
1%
#2020000
0%
#2030000
b110 +"
1%
#2031000
0)
#2032000
b11111111111111111111111110010011 G
b11111111111111111111111110010011 r
b10010011 q
b10010011 p
b110010000000000000010010011 '
b110010000000000000010010011 /
b110010000000000000010010011 o
b0 +"
b11010 ,"
b1101111 *"
b100100 )"
#2040000
0%
#2050000
b1100100 7
b1100100 w
0O
b1100100 .
11
06
b1100100 S
b1100100 a
b1100100 b
0#
1<
1R
b1100100 T
b1100100 _
b1 ?
b1 x
b100 :
b100 v
b11 K
b11 e
b1100100 N
b1100100 J
b1100100 l
1]
b110010000000000000010010011 [
b110010000000000000010010011 j
b1 +"
1%
#2060000
0%
#2070000
01
b10011 G
b10011 r
b10011 q
b1100000100010011 p
b1000 A
1#
b1111111100001100000100010011 '
b1111111100001100000100010011 /
b1111111100001100000100010011 o
b100 $
b100 \
0]
b1000 W
b1101000 N
b100 Z
b10 +"
1%
#2080000
0%
#2090000
b10011011 7
b10011011 w
b1111 G
b1111 r
b111111110000 p
b1111 q
1O
b11 m
b11 z
b10011010 .
11
b10011011 S
b10011011 a
b10011011 b
0#
b0 8
b0 ~
b1100100 U
b1100100 ^
b111 V
b111 `
b111 g
b100 L
b100 h
1<
1R
b11111111 T
b11111111 _
b10 ?
b10 x
b100 M
b100 c
b100 d
b100 n
b100 {
b1100100 >
b1100100 s
b1 ;
b1 u
b11111 :
b11111 v
b111 K
b111 e
b100000011 N
b11111111 J
b11111111 l
1]
b1111111100001100000100010011 [
b1111111100001100000100010011 j
b11 +"
1%
#2100000
0%
#2110000
01
b0 G
b0 r
b0 q
b11110000 p
b1100 A
1#
b111100001110000110010011 '
b111100001110000110010011 /
b111100001110000110010011 o
b1000 $
b1000 \
0]
b1100 W
b100000111 N
b1000 Z
b100 +"
1%
#2120000
0%
#2130000
b1101111 7
b1101111 w
b1101110 .
11
b1101111 S
b1101111 a
b1101111 b
0#
bx G
bx r
b110 L
b110 h
1<
1R
b1 V
b1 `
b1 g
b1111 T
b1111 _
b11 ?
b11 x
b110 M
b110 c
b110 d
b110 n
b110 {
b1111 :
b1111 v
b0 K
b0 e
b10111 N
b1111 J
b1111 l
1]
b111100001110000110010011 [
b111100001110000110010011 j
b101 +"
1%
#2140000
0%
#2150000
01
b10000 A
1#
b111100001111001000010011 '
b111100001111001000010011 /
b111100001111001000010011 o
b1100 $
b1100 \
0]
b10000 W
b11011 N
b1100 Z
b110 +"
1%
#2160000
0%
#2170000
b100 7
b100 w
b1111001000010011 p
b10011 q
b0 m
b0 z
b100 .
11
b100 S
b100 a
b100 b
0#
1O
b111 L
b111 h
1<
1R
b0 V
b0 `
b0 g
b100 ?
b100 x
b111 M
b111 c
b111 d
b111 n
b111 {
1]
b111100001111001000010011 [
b111100001111001000010011 j
b111 +"
1%
#2180000
0%
#2190000
01
b10010011 q
b1001001010010011 p
b10100 A
1#
b1000001001001010010011 '
b1000001001001010010011 /
b1000001001001010010011 o
b10000 $
b10000 \
0]
b10100 W
b11111 N
b10000 Z
b1000 +"
1%
#2200000
0%
#2210000
b110010000 7
b110010000 w
b110010000 .
11
b110010000 S
b110010000 a
b110010000 b
0#
b1 L
b1 h
1<
1R
b11 V
b11 `
b11 g
b11111111111111111001001010010011 G
b11111111111111111001001010010011 r
b11 8
b11 ~
b100110110000000010011011 "
b100110110000000010011011 0
b100110110000000010011011 9
b100110110000000010011011 }
b10 T
b10 _
b101 ?
b101 x
b1 M
b1 c
b1 d
b1 n
b1 {
b10011011 =
b10011011 t
b10011011 |
b10 :
b10 v
b10010 N
b10 J
b10 l
1]
b1000001001001010010011 [
b1000001001001010010011 j
b1001 +"
1%
#2220000
0%
#2230000
01
b11111111111111111101001100010011 G
b11111111111111111101001100010011 r
b10011 q
b1101001100010011 p
b11000 A
1#
b1000001101001100010011 '
b1000001101001100010011 /
b1000001101001100010011 o
b10100 $
b10100 \
0]
b11000 W
b10110 N
b10100 Z
b1010 +"
1%
#2240000
0%
#2250000
b11001 7
b11001 w
b11010011 q
0O
b1 m
b1 z
b11000 .
11
b11001 S
b11001 a
b11001 b
0#
b101 L
b101 h
1<
1R
b101 V
b101 `
b101 g
b1101001100010011 G
b1101001100010011 r
b0 8
b0 ~
b0 "
b0 0
b0 9
b0 }
b110 ?
b110 x
b101 M
b101 c
b101 d
b101 n
b101 {
1]
b1000001101001100010011 [
b1000001101001100010011 j
b1011 +"
1%
#2260000
0%
#2270000
01
b1010001110010011 G
b1010001110010011 r
b10100011 q
b1010001110010011 p
b11100 A
1#
b1100100000001010001110010011 '
b1100100000001010001110010011 /
b1100100000001010001110010011 o
b11000 $
b11000 \
0]
b11100 W
b11010 N
b11000 Z
b1100 +"
1%
#2280000
0%
#2290000
b1 7
b1 w
b0 .
11
b1 S
b1 a
b1 b
0#
b1100100000001010001110010011 G
b1100100000001010001110010011 r
b1111 8
b1111 ~
b10 L
b10 h
1<
1R
b1000 V
b1000 `
b1000 g
b11001000 T
b11001000 _
b111 ?
b111 x
b10 M
b10 c
b10 d
b10 n
b10 {
b0 =
b0 t
b0 |
b1000 :
b1000 v
b110 K
b110 e
b11100000 N
b11001000 J
b11001000 l
1]
b1100100000001010001110010011 [
b1100100000001010001110010011 j
b1101 +"
1%
#2300000
0%
#2310000
01
b11001000001010010000010011 G
b11001000001010010000010011 r
b10100100 q
b1010010000010011 p
b100000 A
1#
b11001000001010010000010011 '
b11001000001010010000010011 /
b11001000001010010000010011 o
b11100 $
b11100 \
0]
b100000 W
b11100100 N
b11100 Z
b1110 +"
1%
#2320000
0%
#2330000
b0 7
b0 w
b10011 q
b0 m
b0 z
11
16
b0 S
b0 a
b0 b
0#
1<
1R
b1000 V
b1000 `
b1000 g
b110010 T
b110010 _
b1000 ?
b1000 x
b10010 :
b10010 v
b1 K
b1 e
b1001110 N
b110010 J
b110010 l
1]
b11001000001010010000010011 [
b11001000001010010000010011 j
b1111 +"
1%
#2340000
0%
#2350000
01
b1100100000001011010010010011 G
b1100100000001011010010010011 r
b10010011 q
b1011010010010011 p
b100100 A
1#
b1100100000001011010010010011 '
b1100100000001011010010010011 /
b1100100000001011010010010011 o
b100000 $
b100000 \
0]
b100100 W
b1010010 N
b100000 Z
b10000 +"
1%
#2360000
0%
#2370000
b1 7
b1 w
b10110100 q
b1 m
b1 z
11
06
b1 S
b1 a
b1 b
0#
bx G
bx r
b0 8
b0 ~
b11 L
b11 h
1<
1R
b1001 V
b1001 `
b1001 g
b11001000 T
b11001000 _
b1001 ?
b1001 x
b11 M
b11 c
b11 d
b11 n
b11 {
b1000 :
b1000 v
b110 K
b110 e
b11101000 N
b11001000 J
b11001000 l
1]
b1100100000001011010010010011 [
b1100100000001011010010010011 j
b10001 +"
1%
#2380000
0%
#2390000
01
b0 q
b1101111 p
b101000 A
1#
b1101111 '
b1101111 /
b1101111 o
b100100 $
b100100 \
0]
b101000 W
b11101100 N
b100100 Z
b10010 +"
1%
#2400000
0%
#2410000
b101000 7
b101000 w
b1101111 q
b100100 A
1O
b0 m
b0 z
11
16
b0 S
b0 a
b0 b
0#
b1101111 G
b1101111 r
b1 8
b1 ~
b0 U
b0 ^
b10 D
b10 i
1H
b0 L
b0 h
1<
0R
b10 V
b10 `
b10 g
b0 T
b0 _
b1101111 @
b1101111 f
b0 ?
b0 x
b0 M
b0 c
b0 d
b0 n
b0 {
b0 >
b0 s
b0 ;
b0 u
b0 :
b0 v
b0 K
b0 e
b100100 N
b0 J
b0 l
b1101111 k
1]
b1101111 [
b1101111 j
b10011 +"
1%
#2420000
0%
#2430000
01
1#
0]
b10100 +"
1%
#2440000
0%
#2450000
11
0#
1]
b10101 +"
1%
#2460000
0%
#2470000
01
1#
0]
b10110 +"
1%
#2480000
0%
#2490000
11
0#
1]
b10111 +"
1%
#2500000
0%
#2510000
01
1#
0]
b11000 +"
1%
#2520000
0%
#2530000
11
0#
1]
b11001 +"
1%
#2540000
0%
#2550000
01
1#
0]
b11010 +"
1%
#2551000
b0 G
b0 r
b0 q
b0 p
b0 '
b0 /
b0 o
b100000 y
b0 +"
b110 ,"
b1000000000000 +
1)
b10111 ,
b1 ""
b11100110110110001110100011010010111010100100000001100010011000000110000001111000011001000110000001100000011110100110001 #"
b1 !"
b1001 $"
#2560000
0%
#2570000
b0 7
b0 w
1R
0H
b0 D
b0 i
1<
b100 A
b10011 @
b10011 f
b10011 k
b0 $
b0 \
b10011 [
b10011 j
b100 W
b0 N
b0 Z
b1 +"
1%
#2580000
0%
#2590000
b10 +"
1%
#2600000
0%
#2610000
b11 +"
1%
#2620000
0%
#2630000
b100 +"
1%
#2640000
0%
#2650000
b101 +"
1%
#2660000
0%
#2670000
b110 +"
1%
#2671000
0)
#2672000
b11111111111111111111111110010011 G
b11111111111111111111111110010011 r
b10010011 q
b10010011 p
b11111001110000000000000010010011 '
b11111001110000000000000010010011 /
b11111001110000000000000010010011 o
b0 +"
b1100 ,"
b1101111 *"
b1100 )"
#2680000
0%
#2690000
b11111111111111111111111110011100 7
b11111111111111111111111110011100 w
0O
b11111111111111111111111110011100 .
11
06
b11111111111111111111111110011100 S
b11111111111111111111111110011100 a
b11111111111111111111111110011100 b
0#
1<
1R
b11111111111111111111111110011100 T
b11111111111111111111111110011100 _
b1 ?
b1 x
b11100 :
b11100 v
b1111100 K
b1111100 e
b11111111111111111111111110011100 N
b11111111111111111111111110011100 J
b11111111111111111111111110011100 l
1]
b11111001110000000000000010010011 [
b11111001110000000000000010010011 j
b1 +"
1%
#2700000
0%
#2710000
01
b10011 G
b10011 r
b10011 q
b1101000100010011 p
b1000 A
1#
b1000001101000100010011 '
b1000001101000100010011 /
b1000001101000100010011 o
b100 $
b100 \
0]
b1000 W
b11111111111111111111111110100000 N
b100 Z
b10 +"
1%
#2720000
0%
#2730000
b111111111111111111111111100111 7
b111111111111111111111111100111 w
b100000 p
b0 q
b11 m
b11 z
b111111111111111111111111100110 .
11
b111111111111111111111111100111 S
b111111111111111111111111100111 a
b111111111111111111111111100111 b
0#
0O
b100000 G
b100000 r
b0 8
b0 ~
b11111111111111111111111110011100 U
b11111111111111111111111110011100 ^
b101 V
b101 `
b101 g
b101 L
b101 h
1<
1R
b10 T
b10 _
b10 ?
b10 x
b101 M
b101 c
b101 d
b101 n
b101 {
b11111111111111111111111110011100 >
b11111111111111111111111110011100 s
b1 ;
b1 u
b10 :
b10 v
b0 K
b0 e
b110 N
b10 J
b10 l
1]
b1000001101000100010011 [
b1000001101000100010011 j
b11 +"
1%
#2740000
0%
#2750000
01
b100000000100000 G
b100000000100000 r
b1000000 q
b100000000100000 p
b1100 A
1#
b1000000001000001101000110010011 '
b1000000001000001101000110010011 /
b1000000001000001101000110010011 o
b1000 $
b1000 \
0]
b1100 W
b1010 N
b1000 Z
b111111111111111111111111100111 =
b111111111111111111111111100111 t
b111111111111111111111111100111 |
b100 +"
1%
#2760000
0%
#2770000
b11111111111111111111111111100111 7
b11111111111111111111111111100111 w
b11111111111111111111111111100110 .
11
b11111111111111111111111111100111 S
b11111111111111111111111111100111 a
b11111111111111111111111111100111 b
0#
1<
1R
b110 V
b110 `
b110 g
b10000000010 T
b10000000010 _
b11 ?
b11 x
b100000 K
b100000 e
b10000001010 N
b10000000010 J
b10000000010 l
1]
b1000000001000001101000110010011 [
b1000000001000001101000110010011 j
b101 +"
1%
#2780000
0%
#2790000
01
b0 G
b0 r
b0 q
b0 p
b10000 A
1#
b1101111 '
b1101111 /
b1101111 o
b1100 $
b1100 \
0]
b10000 W
b10000001110 N
b1100 Z
b110 +"
1%
#2800000
0%
#2810000
b1101111 G
b1101111 r
b1101111 p
b10000 7
b10000 w
b1101111 q
b1100 A
1O
b0 m
b0 z
b0 .
11
16
b0 S
b0 a
b0 b
0#
b0 U
b0 ^
b1 8
b1 ~
b10 D
b10 i
1H
b0 L
b0 h
1<
0R
b10 V
b10 `
b10 g
b0 T
b0 _
b1101111 @
b1101111 f
b0 ?
b0 x
b0 M
b0 c
b0 d
b0 n
b0 {
b0 >
b0 s
b0 ;
b0 u
b0 =
b0 t
b0 |
b0 :
b0 v
b0 K
b0 e
b1100 N
b0 J
b0 l
b1101111 k
1]
b1101111 [
b1101111 j
b111 +"
1%
#2820000
0%
#2830000
01
1#
0]
b1000 +"
1%
#2840000
0%
#2850000
11
0#
1]
b1001 +"
1%
#2860000
0%
#2870000
01
1#
0]
b1010 +"
1%
#2880000
0%
#2890000
11
0#
1]
b1011 +"
1%
#2900000
0%
#2910000
01
1#
0]
b1100 +"
1%
#2911000
b0 G
b0 r
b0 q
b0 p
b0 '
b0 /
b0 o
b100000 y
b0 +"
b110 ,"
b1000000000000 +
1)
b11001 ,
b11111111111111111111111111100111 ""
b111001101110010011000010110100100100000001011010011000100110000001100000011111000111110001100100010000001101101011100110110001000101101011001100110100101101100011011000010000000100000001010000100111001001111010101000100010100101001 #"
b11111111111111111111111111100111 !"
b11 $"
#2920000
0%
#2930000
b0 7
b0 w
1R
0H
b0 D
b0 i
1<
b100 A
b10011 @
b10011 f
b10011 k
b0 $
b0 \
b10011 [
b10011 j
b100 W
b0 N
b0 Z
b1 +"
1%
#2940000
0%
#2950000
b10 +"
1%
#2960000
0%
#2970000
b11 +"
1%
#2980000
0%
#2990000
b100 +"
1%
#3000000
0%
#3010000
b101 +"
1%
#3020000
0%
#3030000
b110 +"
1%
#3031000
0)
#3032000
b11111111111111111111111110010011 G
b11111111111111111111111110010011 r
b10010011 q
b10010011 p
b100000000000010010011 '
b100000000000010010011 /
b100000000000010010011 o
b0 +"
b1100 ,"
b1101111 *"
b1100 )"
#3040000
0%
#3050000
b1 7
b1 w
b0 G
b0 r
b0 q
b10 8
b10 ~
0O
b1 m
b1 z
11
06
b1 S
b1 a
b1 b
0#
b1 T
b1 _
b1 ?
b1 x
b1 :
b1 v
b1 N
b1 J
b1 l
1]
b100000000000010010011 [
b100000000000010010011 j
b1 +"
1%
#3060000
0%
#3070000
01
b11111111111111111111111110100001 G
b11111111111111111111111110100001 r
b10100001 q
b1010000100010011 p
b1000 A
1#
b11111111111100001010000100010011 '
b11111111111100001010000100010011 /
b11111111111100001010000100010011 o
b100 $
b100 \
b1000000010000000100000001 "
b1000000010000000100000001 0
b1000000010000000100000001 9
b1000000010000000100000001 }
0]
b1000 W
b101 N
b100 Z
b1 =
b1 t
b1 |
b10 +"
1%
#3080000
0%
#3090000
b0 7
b0 w
b10011 q
b0 m
b0 z
11
16
b0 S
b0 a
b0 b
0#
b11111111111100001010000100010011 G
b11111111111100001010000100010011 r
b1 U
b1 ^
b1111 8
b1111 ~
b0 "
b0 0
b0 9
b0 }
b1000 V
b1000 `
b1000 g
b10 L
b10 h
1<
1R
b11111111111111111111111111111111 T
b11111111111111111111111111111111 _
b10 ?
b10 x
b10 M
b10 c
b10 d
b10 n
b10 {
b1 >
b1 s
b1 ;
b1 u
b0 =
b0 t
b0 |
b11111 :
b11111 v
b1111111 K
b1111111 e
b11 N
b11111111111111111111111111111111 J
b11111111111111111111111111111111 l
1]
b11111111111100001010000100010011 [
b11111111111100001010000100010011 j
b11 +"
1%
#3100000
0%
#3110000
01
b11111111111100001011000110010011 G
b11111111111100001011000110010011 r
b10010011 q
b1011000110010011 p
b1100 A
1#
b11111111111100001011000110010011 '
b11111111111100001011000110010011 /
b11111111111100001011000110010011 o
b1000 $
b1000 \
0]
b1100 W
b111 N
b1000 Z
b100 +"
1%
#3120000
0%
#3130000
b1 7
b1 w
b10110001 q
b1 m
b1 z
11
06
b1 S
b1 a
b1 b
0#
b11 L
b11 h
1<
1R
b1001 V
b1001 `
b1001 g
bx G
bx r
b0 8
b0 ~
b11 ?
b11 x
b11 M
b11 c
b11 d
b11 n
b11 {
1]
b11111111111100001011000110010011 [
b11111111111100001011000110010011 j
b101 +"
1%
#3140000
0%
#3150000
01
b0 q
b1101111 p
b10000 A
1#
b1101111 '
b1101111 /
b1101111 o
b1100 $
b1100 \
0]
b10000 W
b1011 N
b1100 Z
b110 +"
1%
#3160000
0%
#3170000
b10000 7
b10000 w
b1101111 q
b1100 A
1O
b0 m
b0 z
11
16
b0 S
b0 a
b0 b
0#
b1101111 G
b1101111 r
b1 8
b1 ~
b0 U
b0 ^
b10 D
b10 i
1H
b0 L
b0 h
1<
0R
b10 V
b10 `
b10 g
b0 T
b0 _
b1101111 @
b1101111 f
b0 ?
b0 x
b0 M
b0 c
b0 d
b0 n
b0 {
b0 >
b0 s
b0 ;
b0 u
b0 :
b0 v
b0 K
b0 e
b1100 N
b0 J
b0 l
b1101111 k
1]
b1101111 [
b1101111 j
b111 +"
1%
#3180000
0%
#3190000
01
1#
0]
b1000 +"
1%
#3200000
0%
#3210000
11
0#
1]
b1001 +"
1%
#3220000
0%
#3230000
01
1#
0]
b1010 +"
1%
#3240000
0%
#3250000
11
0#
1]
b1011 +"
1%
#3260000
0%
#3270000
01
1#
0]
b1100 +"
1%
#3271000
b0 G
b0 r
b0 q
b0 p
b0 '
b0 /
b0 o
b100000 y
b0 +"
b110 ,"
b1000000000000 +
1)
b11011 ,
b1 ""
b11100110110110001110100011010010111010100100000001100010011110000110000011110000100011001000110010001100100011001000110010001100100011001000110001111010011000100100000001010000100111001001111010101000100010100101001 #"
b1 !"
b11 $"
#3280000
0%
#3290000
b0 7
b0 w
1R
0H
b0 D
b0 i
1<
b100 A
b10011 @
b10011 f
b10011 k
b0 $
b0 \
b10011 [
b10011 j
b100 W
b0 N
b0 Z
b1 +"
1%
#3300000
0%
#3310000
b10 +"
1%
#3320000
0%
#3330000
b11 +"
1%
#3340000
0%
#3350000
b100 +"
1%
#3360000
0%
#3370000
b101 +"
1%
#3380000
0%
#3390000
b110 +"
1%
#3391000
0)
#3392000
b11111111111111111111111110010011 G
b11111111111111111111111110010011 r
b10010011 q
b10010011 p
b1000000000000000000010010011 '
b1000000000000000000010010011 /
b1000000000000000000010010011 o
b0 +"
b10100 ,"
b1101111 *"
b11000 )"
#3400000
0%
#3410000
b10000000 7
b10000000 w
0O
b10000000 .
11
06
b10000000 S
b10000000 a
b10000000 b
0#
1<
1R
b10000000 T
b10000000 _
b1 ?
b1 x
b100 K
b100 e
b10000000 N
b10000000 J
b10000000 l
1]
b1000000000000000000010010011 [
b1000000000000000000010010011 j
b1 +"
1%
#3420000
0%
#3430000
01
b11 G
b11 r
b11 q
b1010000100000011 p
b1000 A
1#
b1010000100000011 '
b1010000100000011 /
b1010000100000011 o
b100 $
b100 \
0]
b1000 W
b10000100 N
b100 Z
b10 +"
1%
#3440000
0%
#3450000
b11101111 q
b1011111011101111 p
b11011110101011011011111011101111 7
b11011110101011011011111011101111 w
b11011110101011011011111011101111 '
b11011110101011011011111011101111 /
b11011110101011011011111011101111 o
11
b10000000 $
b10000000 \
1#
b11011110101011011011111011101111 G
b11011110101011011011111011101111 r
b1111 8
b1111 ~
b10000000 U
b10000000 ^
b1 D
b1 i
1E
b10 L
b10 h
1<
1R
b0 T
b0 _
b11 @
b11 f
b10 ?
b10 x
b10 M
b10 c
b10 d
b10 n
b10 {
b10000000 >
b10000000 s
b1 ;
b1 u
b0 K
b0 e
b100 N
b0 J
b0 l
b11 k
1]
b1010000100000011 [
b1010000100000011 j
b11 +"
1%
#3460000
0%
#3470000
b1001000110000011 7
b1001000110000011 w
01
b1001000110000011 G
b1001000110000011 r
b10000011 q
b1001000110000011 p
b1100 A
b1001000110000011 '
b1001000110000011 /
b1001000110000011 o
b1000 $
b1000 \
0]
b1100 W
b1000 N
b1000 Z
b100 +"
1%
#3480000
0%
#3490000
b11111111111111111011111011101111 7
b11111111111111111011111011101111 w
b11101111 q
b1011111011101111 p
11
b11011110101011011011111011101111 '
b11011110101011011011111011101111 /
b11011110101011011011111011101111 o
1#
1O
b1 L
b1 h
b1 D
b1 i
1E
1<
1R
b11111111111111111011111011101111 G
b11111111111111111011111011101111 r
b11 8
b11 ~
b10000000 $
b10000000 \
b11 ?
b11 x
b1 M
b1 c
b1 d
b1 n
b1 {
1]
b1001000110000011 [
b1001000110000011 j
b101 +"
1%
#3500000
0%
#3510000
b11111111111111111000001000000011 7
b11111111111111111000001000000011 w
01
b11111111111111111000001000000011 G
b11111111111111111000001000000011 r
b11 q
b1000001000000011 p
b10000 A
b1000001000000011 '
b1000001000000011 /
b1000001000000011 o
b1100 $
b1100 \
0]
b10000 W
b1100 N
b1100 Z
b110 +"
1%
#3520000
0%
#3530000
b11111111111111111111111111101111 7
b11111111111111111111111111101111 w
b11101111 q
b1011111011101111 p
11
b11011110101011011011111011101111 '
b11011110101011011011111011101111 /
b11011110101011011011111011101111 o
1#
0O
b0 L
b0 h
b1 D
b1 i
1E
1<
1R
b11111111111111111111111111101111 G
b11111111111111111111111111101111 r
b1 8
b1 ~
b10000000 $
b10000000 \
b100 ?
b100 x
b0 M
b0 c
b0 d
b0 n
b0 {
1]
b1000001000000011 [
b1000001000000011 j
b111 +"
1%
#3540000
0%
#3550000
b11111111111111111111111110000011 7
b11111111111111111111111110000011 w
01
b11111111111111111111111110000011 G
b11111111111111111111111110000011 r
b10000011 q
b1101001010000011 p
b10100 A
b1101001010000011 '
b1101001010000011 /
b1101001010000011 o
b10000 $
b10000 \
0]
b10100 W
b10000 N
b10000 Z
b1000 +"
1%
#3560000
0%
#3570000
b1011111011101111 7
b1011111011101111 w
b11101111 q
b1011111011101111 p
11
b11011110101011011011111011101111 '
b11011110101011011011111011101111 /
b11011110101011011011111011101111 o
1#
1O
b101 L
b101 h
b1 D
b1 i
1E
1<
1R
b1011111011101111 G
b1011111011101111 r
b0 8
b0 ~
b10000000 $
b10000000 \
b101 ?
b101 x
b101 M
b101 c
b101 d
b101 n
b101 {
1]
b1101001010000011 [
b1101001010000011 j
b1001 +"
1%
#3580000
0%
#3590000
b1100001100000011 7
b1100001100000011 w
01
b1100001100000011 G
b1100001100000011 r
b11 q
b1100001100000011 p
b11000 A
b1100001100000011 '
b1100001100000011 /
b1100001100000011 o
b10100 $
b10100 \
0]
b11000 W
b10100 N
b10100 Z
b1010 +"
1%
#3600000
0%
#3610000
b11101111 7
b11101111 w
b11101111 q
b1011111011101111 p
11
b11011110101011011011111011101111 '
b11011110101011011011111011101111 /
b11011110101011011011111011101111 o
1#
0O
b100 L
b100 h
b1 D
b1 i
1E
1<
1R
b11101111 G
b11101111 r
b10000000 $
b10000000 \
b110 ?
b110 x
b100 M
b100 c
b100 d
b100 n
b100 {
1]
b1100001100000011 [
b1100001100000011 j
b1011 +"
1%
#3620000
0%
#3630000
b1101111 7
b1101111 w
01
b1101111 G
b1101111 r
b1101111 q
b1101111 p
b11100 A
b1101111 '
b1101111 /
b1101111 o
b11000 $
b11000 \
0]
b11100 W
b11000 N
b11000 Z
b1100 +"
1%
#3640000
0%
#3650000
b11000 A
b11100 7
b11100 w
1O
b0 .
b1101111 G
b1101111 r
b1101111 q
b1101111 p
11
16
b0 S
b0 a
b0 b
b1101111 '
b1101111 /
b1101111 o
0#
1H
b0 L
b0 h
b10 D
b10 i
0E
1<
0R
b1 8
b1 ~
b0 U
b0 ^
b11000 $
b11000 \
b1101111 @
b1101111 f
b0 ?
b0 x
b0 M
b0 c
b0 d
b0 n
b0 {
b0 >
b0 s
b0 ;
b0 u
b1101111 k
1]
b1101111 [
b1101111 j
b1101 +"
1%
#3660000
0%
#3670000
01
1#
0]
b1110 +"
1%
#3680000
0%
#3690000
11
0#
1]
b1111 +"
1%
#3700000
0%
#3710000
01
1#
0]
b10000 +"
1%
#3720000
0%
#3730000
11
0#
1]
b10001 +"
1%
#3740000
0%
#3750000
01
1#
0]
b10010 +"
1%
#3760000
0%
#3770000
11
0#
1]
b10011 +"
1%
#3780000
0%
#3790000
01
1#
0]
b10100 +"
1%
#3791000
b0 G
b0 r
b0 q
b0 p
b0 '
b0 /
b0 o
b100000 y
b0 +"
b110 ,"
b1000000000000 +
1)
b100000 ,
b11101111 ""
b1101100011000100111010100100000011110100110010101110010011011110010110101100101011110000111010001100101011011100110010000100000001010000100111001001111010101000100010100101001 #"
b11101111 !"
b110 $"
#3800000
0%
#3810000
b0 7
b0 w
1R
0H
b0 D
b0 i
1<
b100 A
b10011 @
b10011 f
b10011 k
b0 $
b0 \
b10011 [
b10011 j
b100 W
b0 N
b0 Z
b1 +"
1%
#3820000
0%
#3830000
b10 +"
1%
#3840000
0%
#3850000
b11 +"
1%
#3860000
0%
#3870000
b100 +"
1%
#3880000
0%
#3890000
b101 +"
1%
#3900000
0%
#3910000
b110 +"
1%
#3911000
0)
#3912000
b11111111111111111111111110110111 G
b11111111111111111111111110110111 r
b10110111 q
b101000010110111 p
b10010001101000101000010110111 '
b10010001101000101000010110111 /
b10010001101000101000010110111 o
b0 +"
b10000 ,"
b1101111 *"
b10000 )"
#3920000
0%
#3930000
b0 .
11
b10010001101000101000000000000 7
b10010001101000101000000000000 w
16
b0 S
b0 a
b0 b
0#
b101000010110111 G
b101000010110111 r
b0 8
b0 ~
1F
b101 L
b101 h
1<
0R
b0 T
b0 _
b110111 @
b110111 f
b1 ?
b1 x
b101 M
b101 c
b101 d
b101 n
b101 {
b1000 ;
b1000 u
b11 :
b11 v
b1001 K
b1001 e
b10010001101000101000000000000 N
b10010001101000101000000000000 J
b10010001101000101000000000000 l
b110111 k
1]
b10010001101000101000010110111 [
b10010001101000101000010110111 j
b1 +"
1%
#3940000
0%
#3950000
01
b1000000010010011 G
b1000000010010011 r
b10010011 q
b1000000010010011 p
b1000 A
1#
b1100111100000001000000010010011 '
b1100111100000001000000010010011 /
b1100111100000001000000010010011 o
b100 $
b100 \
0]
b1000 W
b10010001101000101000000000100 N
b100 Z
b10 +"
1%
#3960000
0%
#3970000
0O
b10010001101000101011001111000 .
11
06
b10010001101000101011001111000 S
b10010001101000101011001111000 a
b10010001101000101011001111000 b
b11001111000 T
b11001111000 _
0#
b11111111111111111111111110010011 G
b11111111111111111111111110010011 r
b1 8
b1 ~
b10010001101000101000000000000 U
b10010001101000101000000000000 ^
1R
b0 L
b0 h
0F
1<
b10010001101000101011001111000 7
b10010001101000101011001111000 w
b10011 @
b10011 f
b0 M
b0 c
b0 d
b0 n
b0 {
b10010001101000101000000000000 >
b10010001101000101000000000000 s
b1 ;
b1 u
b11000 :
b11000 v
b110011 K
b110011 e
b11001111100 N
b11001111000 J
b11001111000 l
b10011 k
1]
b1100111100000001000000010010011 [
b1100111100000001000000010010011 j
b11 +"
1%
#3980000
0%
#3990000
b10010001101000101110011110000 7
b10010001101000101110011110000 w
01
b100011 G
b100011 r
b100011 q
b10000000100011 p
b1100 A
b10010001101000101110011110000 .
1#
b100000100000010000000100011 '
b100000100000010000000100011 /
b100000100000010000000100011 o
b10010001101000101110011110000 S
b10010001101000101110011110000 a
b10010001101000101110011110000 b
b1000 $
b1000 \
b10010001101000101011001111000 U
b10010001101000101011001111000 ^
0]
b1100 W
b11010000000 N
b1000 Z
b10010001101000101011001111000 >
b10010001101000101011001111000 s
b100 +"
1%
#4000000
0%
#4010000
b1000000 7
b1000000 w
b0 q
b0 p
b0 '
b0 /
b0 o
b1000000 .
b1111 !
b1111 C
b1000000 $
b1000000 \
b1000000 S
b1000000 a
b1000000 b
0#
b0 G
b0 r
b0 U
b0 ^
b1111 8
b1111 ~
b10010001101000101011001111000 "
b10010001101000101011001111000 0
b10010001101000101011001111000 9
b10010001101000101011001111000 }
1B
b10 L
b10 h
0<
1R
b1000000 T
b1000000 _
b100011 @
b100011 f
b0 ?
b0 x
b10 M
b10 c
b10 d
b10 n
b10 {
b0 >
b0 s
b0 ;
b0 u
b10010001101000101011001111000 =
b10010001101000101011001111000 t
b10010001101000101011001111000 |
b1 :
b1 v
b10 K
b10 e
b1001000 N
b1000000 J
b1000000 l
b100011 k
1]
b100000100000010000000100011 [
b100000100000010000000100011 j
b101 +"
1%
#4020000
0%
#4030000
b0 !
b0 C
b10000 A
b100000000000010000100000011 G
b100000000000010000100000011 r
b11 q
b10000100000011 p
1#
b100000000000010000100000011 '
b100000000000010000100000011 /
b100000000000010000100000011 o
b1100 $
b1100 \
0]
b10000 W
b1001100 N
b1100 Z
b110 +"
1%
#4040000
0%
#4050000
b10010001101000101011001111000 7
b10010001101000101011001111000 w
b10010001101000101011001111000 G
b10010001101000101011001111000 r
b1111000 q
b101011001111000 p
11
b10010001101000101011001111000 '
b10010001101000101011001111000 /
b10010001101000101011001111000 o
1#
b1 D
b1 i
1E
1<
0B
1R
b0 "
b0 0
b0 9
b0 }
b1000000 $
b1000000 \
b11 @
b11 f
b10 ?
b10 x
b0 =
b0 t
b0 |
b0 :
b0 v
b11 k
1]
b100000000000010000100000011 [
b100000000000010000100000011 j
b111 +"
1%
#4060000
0%
#4070000
b1101111 7
b1101111 w
01
b1101111 G
b1101111 r
b1101111 q
b1101111 p
b10100 A
b1101111 '
b1101111 /
b1101111 o
b10000 $
b10000 \
0]
b10100 W
b1010000 N
b10000 Z
b1000 +"
1%
#4080000
0%
#4090000
b10000 A
b10100 7
b10100 w
1O
b0 .
b1101111 G
b1101111 r
b1101111 q
b1101111 p
11
16
b0 S
b0 a
b0 b
b1101111 '
b1101111 /
b1101111 o
0#
b1 8
b1 ~
1H
b0 L
b0 h
b10 D
b10 i
0E
1<
0R
b0 T
b0 _
b10000 $
b10000 \
b1101111 @
b1101111 f
b0 ?
b0 x
b0 M
b0 c
b0 d
b0 n
b0 {
b0 K
b0 e
b10000 N
b0 J
b0 l
b1101111 k
1]
b1101111 [
b1101111 j
b1001 +"
1%
#4100000
0%
#4110000
01
1#
0]
b1010 +"
1%
#4120000
0%
#4130000
11
0#
1]
b1011 +"
1%
#4140000
0%
#4150000
01
1#
0]
b1100 +"
1%
#4160000
0%
#4170000
11
0#
1]
b1101 +"
1%
#4180000
0%
#4190000
01
1#
0]
b1110 +"
1%
#4200000
0%
#4210000
11
0#
1]
b1111 +"
1%
#4220000
0%
#4230000
01
1#
0]
b10000 +"
1%
#4231000
b0 G
b0 r
b0 q
b0 p
b0 '
b0 /
b0 o
b100000 y
b0 +"
b110 ,"
b1000000000000 +
1)
b100001 ,
b10010001101000101011001111000 ""
b11100110111011100100000011001100111010101101100011011000010000001110111011011110111001001100100001000000111001001100101011000010110010001100010011000010110001101101011 #"
b10010001101000101011001111000 !"
b10 $"
#4240000
0%
#4250000
b0 7
b0 w
1R
0H
b0 D
b0 i
1<
b100 A
b10011 @
b10011 f
b10011 k
b0 $
b0 \
b10011 [
b10011 j
b100 W
b0 N
b0 Z
b1 +"
1%
#4260000
0%
#4270000
b10 +"
1%
#4280000
0%
#4290000
b11 +"
1%
#4300000
0%
#4310000
b100 +"
1%
#4320000
0%
#4330000
b101 +"
1%
#4340000
0%
#4350000
b110 +"
1%
#4351000
0)
#4352000
b11111111111111111111111110110111 G
b11111111111111111111111110110111 r
b10110111 q
b101000010110111 p
b10010001101000101000010110111 '
b10010001101000101000010110111 /
b10010001101000101000010110111 o
b0 +"
b10000 ,"
b1101111 *"
b10000 )"
#4360000
0%
#4370000
b0 .
11
b10010001101000101000000000000 7
b10010001101000101000000000000 w
16
b0 S
b0 a
b0 b
0#
b101000010110111 G
b101000010110111 r
b0 8
b0 ~
1F
b101 L
b101 h
1<
0R
b0 T
b0 _
b110111 @
b110111 f
b1 ?
b1 x
b101 M
b101 c
b101 d
b101 n
b101 {
b1000 ;
b1000 u
b11 :
b11 v
b1001 K
b1001 e
b10010001101000101000000000000 N
b10010001101000101000000000000 J
b10010001101000101000000000000 l
b110111 k
1]
b10010001101000101000010110111 [
b10010001101000101000010110111 j
b1 +"
1%
#4380000
0%
#4390000
01
b1000000010010011 G
b1000000010010011 r
b10010011 q
b1000000010010011 p
b1000 A
1#
b1100111100000001000000010010011 '
b1100111100000001000000010010011 /
b1100111100000001000000010010011 o
b100 $
b100 \
0]
b1000 W
b10010001101000101000000000100 N
b100 Z
b10 +"
1%
#4400000
0%
#4410000
0O
b10010001101000101011001111000 .
11
06
b10010001101000101011001111000 S
b10010001101000101011001111000 a
b10010001101000101011001111000 b
b11001111000 T
b11001111000 _
0#
b11111111111111111111111110010011 G
b11111111111111111111111110010011 r
b1 8
b1 ~
b10010001101000101000000000000 U
b10010001101000101000000000000 ^
1R
b0 L
b0 h
0F
1<
b10010001101000101011001111000 7
b10010001101000101011001111000 w
b10011 @
b10011 f
b0 M
b0 c
b0 d
b0 n
b0 {
b10010001101000101000000000000 >
b10010001101000101000000000000 s
b1 ;
b1 u
b11000 :
b11000 v
b110011 K
b110011 e
b11001111100 N
b11001111000 J
b11001111000 l
b10011 k
1]
b1100111100000001000000010010011 [
b1100111100000001000000010010011 j
b11 +"
1%
#4420000
0%
#4430000
b10010001101000101110011110000 7
b10010001101000101110011110000 w
01
b100011 G
b100011 r
b100011 q
b1000000100011 p
b1100 A
b10010001101000101110011110000 .
1#
b100000100000001000000100011 '
b100000100000001000000100011 /
b100000100000001000000100011 o
b10010001101000101110011110000 S
b10010001101000101110011110000 a
b10010001101000101110011110000 b
b1000 $
b1000 \
b10010001101000101011001111000 U
b10010001101000101011001111000 ^
0]
b1100 W
b11010000000 N
b1000 Z
b10010001101000101011001111000 >
b10010001101000101011001111000 s
b100 +"
1%
#4440000
0%
#4450000
b1000000 7
b1000000 w
b0 q
b0 p
b0 '
b0 /
b0 o
b1000000 .
b11 !
b11 C
b1000000 $
b1000000 \
b1000000 S
b1000000 a
b1000000 b
0#
1O
b0 G
b0 r
b0 U
b0 ^
b11 8
b11 ~
b1010110011110000101011001111000 "
b1010110011110000101011001111000 0
b1010110011110000101011001111000 9
b1010110011110000101011001111000 }
1B
b1 L
b1 h
0<
1R
b1000000 T
b1000000 _
b100011 @
b100011 f
b0 ?
b0 x
b1 M
b1 c
b1 d
b1 n
b1 {
b0 >
b0 s
b0 ;
b0 u
b10010001101000101011001111000 =
b10010001101000101011001111000 t
b10010001101000101011001111000 |
b1 :
b1 v
b10 K
b10 e
b1001000 N
b1000000 J
b1000000 l
b100011 k
1]
b100000100000001000000100011 [
b100000100000001000000100011 j
b101 +"
1%
#4460000
0%
#4470000
b0 !
b0 C
b10000 A
b10000100000011 G
b10000100000011 r
b11 q
b10000100000011 p
1#
b100000000000010000100000011 '
b100000000000010000100000011 /
b100000000000010000100000011 o
b1100 $
b1100 \
0]
b10000 W
b1001100 N
b1100 Z
b110 +"
1%
#4480000
0%
#4490000
b101011001111000 7
b101011001111000 w
b1111000 q
b101011001111000 p
11
b101011001111000 '
b101011001111000 /
b101011001111000 o
1#
0O
b1 D
b1 i
1E
1<
b10 L
b10 h
0B
1R
b101011001111000 G
b101011001111000 r
b1111 8
b1111 ~
b0 "
b0 0
b0 9
b0 }
b1000000 $
b1000000 \
b11 @
b11 f
b10 ?
b10 x
b10 M
b10 c
b10 d
b10 n
b10 {
b0 =
b0 t
b0 |
b0 :
b0 v
b11 k
1]
b100000000000010000100000011 [
b100000000000010000100000011 j
b111 +"
1%
#4500000
0%
#4510000
b1101111 7
b1101111 w
01
b1101111 G
b1101111 r
b1101111 q
b1101111 p
b10100 A
b1101111 '
b1101111 /
b1101111 o
b10000 $
b10000 \
0]
b10100 W
b1010000 N
b10000 Z
b1000 +"
1%
#4520000
0%
#4530000
b10000 A
b10100 7
b10100 w
1O
b0 .
b1101111 G
b1101111 r
b1101111 q
b1101111 p
11
16
b0 S
b0 a
b0 b
b1101111 '
b1101111 /
b1101111 o
0#
b1 8
b1 ~
1H
b0 L
b0 h
b10 D
b10 i
0E
1<
0R
b0 T
b0 _
b10000 $
b10000 \
b1101111 @
b1101111 f
b0 ?
b0 x
b0 M
b0 c
b0 d
b0 n
b0 {
b0 K
b0 e
b10000 N
b0 J
b0 l
b1101111 k
1]
b1101111 [
b1101111 j
b1001 +"
1%
#4540000
0%
#4550000
01
1#
0]
b1010 +"
1%
#4560000
0%
#4570000
11
0#
1]
b1011 +"
1%
#4580000
0%
#4590000
01
1#
0]
b1100 +"
1%
#4600000
0%
#4610000
11
0#
1]
b1101 +"
1%
#4620000
0%
#4630000
01
1#
0]
b1110 +"
1%
#4640000
0%
#4650000
11
0#
1]
b1111 +"
1%
#4660000
0%
#4670000
01
1#
0]
b10000 +"
1%
#4671000
b0 G
b0 r
b0 q
b0 p
b0 '
b0 /
b0 o
b100000 y
b0 +"
b110 ,"
b1000000000000 +
1)
b100010 ,
b101011001111000 ""
b11100110110100000100000011010000110000101101100011001100010110101110111011011110111001001100100001000000111001001100101011000010110010001100010011000010110001101101011 #"
b101011001111000 !"
#4680000
0%
#4690000
b0 7
b0 w
1R
0H
b0 D
b0 i
1<
b100 A
b10011 @
b10011 f
b10011 k
b0 $
b0 \
b10011 [
b10011 j
b100 W
b0 N
b0 Z
b1 +"
1%
#4700000
0%
#4710000
b10 +"
1%
#4720000
0%
#4730000
b11 +"
1%
#4740000
0%
#4750000
b100 +"
1%
#4760000
0%
#4770000
b101 +"
1%
#4780000
0%
#4790000
b110 +"
1%
#4791000
0)
#4792000
b11111111111111111111111110110111 G
b11111111111111111111111110110111 r
b10110111 q
b101000010110111 p
b10010001101000101000010110111 '
b10010001101000101000010110111 /
b10010001101000101000010110111 o
b0 +"
b10000 ,"
b1101111 *"
b10000 )"
#4800000
0%
#4810000
b0 .
11
b10010001101000101000000000000 7
b10010001101000101000000000000 w
16
b0 S
b0 a
b0 b
0#
b101000010110111 G
b101000010110111 r
b0 8
b0 ~
1F
b101 L
b101 h
1<
0R
b0 T
b0 _
b110111 @
b110111 f
b1 ?
b1 x
b101 M
b101 c
b101 d
b101 n
b101 {
b1000 ;
b1000 u
b11 :
b11 v
b1001 K
b1001 e
b10010001101000101000000000000 N
b10010001101000101000000000000 J
b10010001101000101000000000000 l
b110111 k
1]
b10010001101000101000010110111 [
b10010001101000101000010110111 j
b1 +"
1%
#4820000
0%
#4830000
01
b1000000010010011 G
b1000000010010011 r
b10010011 q
b1000000010010011 p
b1000 A
1#
b1100111100000001000000010010011 '
b1100111100000001000000010010011 /
b1100111100000001000000010010011 o
b100 $
b100 \
0]
b1000 W
b10010001101000101000000000100 N
b100 Z
b10 +"
1%
#4840000
0%
#4850000
0O
b10010001101000101011001111000 .
11
06
b10010001101000101011001111000 S
b10010001101000101011001111000 a
b10010001101000101011001111000 b
b11001111000 T
b11001111000 _
0#
b11111111111111111111111110010011 G
b11111111111111111111111110010011 r
b1 8
b1 ~
b10010001101000101000000000000 U
b10010001101000101000000000000 ^
1R
b0 L
b0 h
0F
1<
b10010001101000101011001111000 7
b10010001101000101011001111000 w
b10011 @
b10011 f
b0 M
b0 c
b0 d
b0 n
b0 {
b10010001101000101000000000000 >
b10010001101000101000000000000 s
b1 ;
b1 u
b11000 :
b11000 v
b110011 K
b110011 e
b11001111100 N
b11001111000 J
b11001111000 l
b10011 k
1]
b1100111100000001000000010010011 [
b1100111100000001000000010010011 j
b11 +"
1%
#4860000
0%
#4870000
b10010001101000101110011110000 7
b10010001101000101110011110000 w
01
b100011 G
b100011 r
b100011 q
b100011 p
b1100 A
b10010001101000101110011110000 .
1#
b100000100000000000000100011 '
b100000100000000000000100011 /
b100000100000000000000100011 o
b10010001101000101110011110000 S
b10010001101000101110011110000 a
b10010001101000101110011110000 b
b1000 $
b1000 \
b10010001101000101011001111000 U
b10010001101000101011001111000 ^
0]
b1100 W
b11010000000 N
b1000 Z
b10010001101000101011001111000 >
b10010001101000101011001111000 s
b100 +"
1%
#4880000
0%
#4890000
b1000000 7
b1000000 w
b0 G
b0 r
b0 q
b0 p
b0 '
b0 /
b0 o
b1000000 .
b1 !
b1 C
b1000000 $
b1000000 \
b1000000 S
b1000000 a
b1000000 b
0#
b0 U
b0 ^
b1111000011110000111100001111000 "
b1111000011110000111100001111000 0
b1111000011110000111100001111000 9
b1111000011110000111100001111000 }
1B
0<
1R
b1000000 T
b1000000 _
b100011 @
b100011 f
b0 ?
b0 x
b0 >
b0 s
b0 ;
b0 u
b10010001101000101011001111000 =
b10010001101000101011001111000 t
b10010001101000101011001111000 |
b1 :
b1 v
b10 K
b10 e
b1001000 N
b1000000 J
b1000000 l
b100011 k
1]
b100000100000000000000100011 [
b100000100000000000000100011 j
b101 +"
1%
#4900000
0%
#4910000
b0 !
b0 C
b10000 A
b11 G
b11 r
b11 q
b10000100000011 p
1#
b100000000000010000100000011 '
b100000000000010000100000011 /
b100000000000010000100000011 o
b1100 $
b1100 \
0]
b10000 W
b1001100 N
b1100 Z
b110 +"
1%
#4920000
0%
#4930000
b1111000 7
b1111000 w
b1111000 q
b1111000 p
11
b1111000 '
b1111000 /
b1111000 o
1#
b1 D
b1 i
1E
1<
b10 L
b10 h
0B
1R
b1111000 G
b1111000 r
b1111 8
b1111 ~
b0 "
b0 0
b0 9
b0 }
b1000000 $
b1000000 \
b11 @
b11 f
b10 ?
b10 x
b10 M
b10 c
b10 d
b10 n
b10 {
b0 =
b0 t
b0 |
b0 :
b0 v
b11 k
1]
b100000000000010000100000011 [
b100000000000010000100000011 j
b111 +"
1%
#4940000
0%
#4950000
b1101111 7
b1101111 w
01
b1101111 G
b1101111 r
b1101111 q
b1101111 p
b10100 A
b1101111 '
b1101111 /
b1101111 o
b10000 $
b10000 \
0]
b10100 W
b1010000 N
b10000 Z
b1000 +"
1%
#4960000
0%
#4970000
b10000 A
b10100 7
b10100 w
1O
b0 .
b1101111 G
b1101111 r
b1101111 q
b1101111 p
11
16
b0 S
b0 a
b0 b
b1101111 '
b1101111 /
b1101111 o
0#
b1 8
b1 ~
1H
b0 L
b0 h
b10 D
b10 i
0E
1<
0R
b0 T
b0 _
b10000 $
b10000 \
b1101111 @
b1101111 f
b0 ?
b0 x
b0 M
b0 c
b0 d
b0 n
b0 {
b0 K
b0 e
b10000 N
b0 J
b0 l
b1101111 k
1]
b1101111 [
b1101111 j
b1001 +"
1%
#4980000
0%
#4990000
01
1#
0]
b1010 +"
1%
#5000000
0%
#5010000
11
0#
1]
b1011 +"
1%
#5020000
0%
#5030000
01
1#
0]
b1100 +"
1%
#5040000
0%
#5050000
11
0#
1]
b1101 +"
1%
#5060000
0%
#5070000
01
1#
0]
b1110 +"
1%
#5080000
0%
#5090000
11
0#
1]
b1111 +"
1%
#5100000
0%
#5110000
01
1#
0]
b10000 +"
1%
#5111000
b0 G
b0 r
b0 q
b0 p
b0 '
b0 /
b0 o
b100000 y
b0 +"
b110 ,"
b1000000000000 +
1)
b100011 ,
b1111000 ""
b1110011011000100010000001100010011110010111010001100101001000000111001001100101011000010110010001100010011000010110001101101011 #"
b1111000 !"
#5120000
0%
#5130000
b0 7
b0 w
1R
0H
b0 D
b0 i
1<
b100 A
b10011 @
b10011 f
b10011 k
b0 $
b0 \
b10011 [
b10011 j
b100 W
b0 N
b0 Z
b1 +"
1%
#5140000
0%
#5150000
b10 +"
1%
#5160000
0%
#5170000
b11 +"
1%
#5180000
0%
#5190000
b100 +"
1%
#5200000
0%
#5210000
b101 +"
1%
#5220000
0%
#5230000
b110 +"
1%
#5231000
0)
#5232000
b11111111111111111111111110010011 G
b11111111111111111111111110010011 r
b10010011 q
b10010011 p
b10100000000000010010011 '
b10100000000000010010011 /
b10100000000000010010011 o
b0 +"
b10000 ,"
b1101111 *"
b10100 )"
#5240000
0%
#5250000
b101 7
b101 w
b0 G
b0 r
b0 q
b10 8
b10 ~
0O
b1 m
b1 z
b100 .
11
06
b101 S
b101 a
b101 b
0#
b101 T
b101 _
b1 ?
b1 x
b101 :
b101 v
b101 N
b101 J
b101 l
1]
b10100000000000010010011 [
b10100000000000010010011 j
b1 +"
1%
#5260000
0%
#5270000
01
b1 G
b1 r
b1 q
b100010011 p
b1000 A
1#
b10100000000000100010011 '
b10100000000000100010011 /
b10100000000000100010011 o
b100 $
b100 \
0]
b1000 W
b1001 N
b100 Z
b10 +"
1%
#5280000
0%
#5290000
11
0#
b10 ?
b10 x
1]
b10100000000000100010011 [
b10100000000000100010011 j
b11 +"
1%
#5300000
0%
#5310000
01
b11111111111111111111111110000100 G
b11111111111111111111111110000100 r
b10000100 q
b1000010001100011 p
b1100 A
1#
b1000001000010001100011 '
b1000001000010001100011 /
b1000001000010001100011 o
b1000 $
b1000 \
0]
b1100 W
b1101 N
b1000 Z
b100 +"
1%
#5320000
0%
#5330000
b10000 A
b1100011 G
b1100011 r
1-
b1100011 q
b1 8
b1 ~
b0 7
b0 w
1O
b0 m
b0 z
16
b0 .
b0 S
b0 a
b0 b
0#
b100 V
b100 `
b100 g
1P
0<
0R
b101 U
b101 ^
b101000001010000010100000101 "
b101000001010000010100000101 0
b101000001010000010100000101 9
b101000001010000010100000101 }
b101 T
b101 _
b1100011 @
b1100011 f
b1000 ?
b1000 x
b101 >
b101 s
b1 ;
b1 u
b101 =
b101 t
b101 |
b10 :
b10 v
b10000 N
b1000 J
b1000 l
b1100011 k
1]
b1000001000010001100011 [
b1000001000010001100011 j
b101 +"
1%
#5340000
0%
#5350000
b11111111111111111111111110010011 G
b11111111111111111111111110010011 r
b10010011 q
b1010010011 p
b11000 A
1#
b100000000001010010011 '
b100000000001010010011 /
b100000000001010010011 o
b10000 $
b10000 \
0]
b10100 W
b11000 N
b10000 Z
b110 +"
1%
#5360000
0%
#5370000
b1 7
b1 w
b10 G
b10 r
b10 q
b10 8
b10 ~
0O
b1 m
b1 z
b0 .
b10100 A
11
b1 T
b1 _
0-
06
b1 S
b1 a
b1 b
0#
1R
1<
0P
b10 V
b10 `
b10 g
b0 U
b0 ^
b10011 @
b10011 f
b101 ?
b101 x
b0 >
b0 s
b0 ;
b0 u
b1 :
b1 v
b10001 N
b1 J
b1 l
b10011 k
1]
b100000000001010010011 [
b100000000001010010011 j
b111 +"
1%
#5380000
0%
#5390000
01
b0 G
b0 r
b0 q
b1101111 p
b11000 A
1#
b1101111 '
b1101111 /
b1101111 o
b10100 $
b10100 \
0]
b11000 W
b10101 N
b10100 Z
b1000 +"
1%
#5400000
0%
#5410000
b1101111 G
b1101111 r
b11000 7
b11000 w
b1101111 q
b1 8
b1 ~
b10100 A
1O
b0 m
b0 z
11
16
b0 S
b0 a
b0 b
0#
b10 D
b10 i
1H
1<
0R
b0 "
b0 0
b0 9
b0 }
b0 T
b0 _
b1101111 @
b1101111 f
b0 ?
b0 x
b0 =
b0 t
b0 |
b0 :
b0 v
b10100 N
b0 J
b0 l
b1101111 k
1]
b1101111 [
b1101111 j
b1001 +"
1%
#5420000
0%
#5430000
01
1#
0]
b1010 +"
1%
#5440000
0%
#5450000
11
0#
1]
b1011 +"
1%
#5460000
0%
#5470000
01
1#
0]
b1100 +"
1%
#5480000
0%
#5490000
11
0#
1]
b1101 +"
1%
#5500000
0%
#5510000
01
1#
0]
b1110 +"
1%
#5520000
0%
#5530000
11
0#
1]
b1111 +"
1%
#5540000
0%
#5550000
01
1#
0]
b10000 +"
1%
#5551000
b0 G
b0 r
b0 q
b0 p
b0 '
b0 /
b0 o
b100000 y
b0 +"
b110 ,"
b1000000000000 +
1)
b100101 ,
b1 ""
b110001001100101011100010010000000100000011101000110000101101011011001010110111000111010001000000110110101100001011100100110101101100101011100100010000001110111011100100110100101110100011101000110010101101110 #"
b1 !"
b101 $"
#5560000
0%
#5570000
b0 7
b0 w
1R
0H
b0 D
b0 i
1<
b100 A
b10011 @
b10011 f
b10011 k
b0 $
b0 \
b10011 [
b10011 j
b100 W
b0 N
b0 Z
b1 +"
1%
#5580000
0%
#5590000
b10 +"
1%
#5600000
0%
#5610000
b11 +"
1%
#5620000
0%
#5630000
b100 +"
1%
#5640000
0%
#5650000
b101 +"
1%
#5660000
0%
#5670000
b110 +"
1%
#5671000
0)
#5672000
b11111111111111111111111110010011 G
b11111111111111111111111110010011 r
b10010011 q
b10010011 p
b10100000000000010010011 '
b10100000000000010010011 /
b10100000000000010010011 o
b0 +"
b1110 ,"
b1101111 *"
b10000 )"
#5680000
0%
#5690000
b101 7
b101 w
b0 G
b0 r
b0 q
b10 8
b10 ~
0O
b1 m
b1 z
b100 .
11
06
b101 S
b101 a
b101 b
0#
b101 T
b101 _
b1 ?
b1 x
b101 :
b101 v
b101 N
b101 J
b101 l
1]
b10100000000000010010011 [
b10100000000000010010011 j
b1 +"
1%
#5700000
0%
#5710000
01
b1 G
b1 r
b1 q
b100010011 p
b1000 A
1#
b11000000000000100010011 '
b11000000000000100010011 /
b11000000000000100010011 o
b100 $
b100 \
0]
b1000 W
b1001 N
b100 Z
b10 +"
1%
#5720000
0%
#5730000
b110 7
b110 w
b1100000 G
b1100000 r
b1100000 p
b1100000 q
b100 8
b100 ~
b10 m
b10 z
b110 .
11
b110 S
b110 a
b110 b
0#
b110 T
b110 _
b10 ?
b10 x
b110 :
b110 v
b1010 N
b110 J
b110 l
1]
b11000000000000100010011 [
b11000000000000100010011 j
b11 +"
1%
#5740000
0%
#5750000
01
b100000 G
b100000 r
b100000 q
b100000 p
b1100 A
1#
b1000001000010001100011 '
b1000001000010001100011 /
b1000001000010001100011 o
b1000 $
b1000 \
0]
b1100 W
b1110 N
b1000 Z
b100 +"
1%
#5760000
0%
#5770000
b11111111111111111111111111111111 7
b11111111111111111111111111111111 w
b0 G
b0 r
b100000 p
b0 q
b1000 8
b1000 ~
b11 m
b11 z
b11111111111111111111111111111110 .
b11111111111111111111111111111111 S
b11111111111111111111111111111111 a
b11111111111111111111111111111111 b
0#
b100 V
b100 `
b100 g
1P
0<
0R
b101 U
b101 ^
b110000001100000011000000110 "
b110000001100000011000000110 0
b110000001100000011000000110 9
b110000001100000011000000110 }
b110 T
b110 _
b1100011 @
b1100011 f
b1000 ?
b1000 x
b101 >
b101 s
b1 ;
b1 u
b110 =
b110 t
b110 |
b10 :
b10 v
b10000 N
b1000 J
b1000 l
b1100011 k
1]
b1000001000010001100011 [
b1000001000010001100011 j
b101 +"
1%
#5780000
0%
#5790000
b110 G
b110 r
b110 q
b11000110000 p
b10000 A
1#
b110001100000000001000010011 '
b110001100000000001000010011 /
b110001100000000001000010011 o
b1100 $
b1100 \
0]
b10000 W
b10100 N
b1100 Z
b110 +"
1%
#5800000
0%
#5810000
b1100011 7
b1100011 w
b1100010 .
11
b1100011 S
b1100011 a
b1100011 b
0#
b0 U
b0 ^
b0 "
b0 0
b0 9
b0 }
b1100011 T
b1100011 _
1R
1<
0P
b10 V
b10 `
b10 g
b10011 @
b10011 f
b100 ?
b100 x
b0 >
b0 s
b0 ;
b0 u
b0 =
b0 t
b0 |
b11 :
b11 v
b11 K
b11 e
b1101111 N
b1100011 J
b1100011 l
b10011 k
1]
b110001100000000001000010011 [
b110001100000000001000010011 j
b111 +"
1%
#5820000
0%
#5830000
01
b0 G
b0 r
b0 q
b0 p
b10100 A
1#
b1101111 '
b1101111 /
b1101111 o
b10000 $
b10000 \
0]
b10100 W
b1110011 N
b10000 Z
b1000 +"
1%
#5840000
0%
#5850000
b1101111 G
b1101111 r
b1101111 p
b10100 7
b10100 w
b1101111 q
b1 8
b1 ~
b10000 A
1O
b0 m
b0 z
b0 .
11
16
b0 S
b0 a
b0 b
0#
b10 D
b10 i
1H
1<
0R
b0 T
b0 _
b1101111 @
b1101111 f
b0 ?
b0 x
b0 :
b0 v
b0 K
b0 e
b10000 N
b0 J
b0 l
b1101111 k
1]
b1101111 [
b1101111 j
b1001 +"
1%
#5860000
0%
#5870000
01
1#
0]
b1010 +"
1%
#5880000
0%
#5890000
11
0#
1]
b1011 +"
1%
#5900000
0%
#5910000
01
1#
0]
b1100 +"
1%
#5920000
0%
#5930000
11
0#
1]
b1101 +"
1%
#5940000
0%
#5950000
01
1#
0]
b1110 +"
1%
#5951000
b0 G
b0 r
b0 q
b0 p
b0 '
b0 /
b0 o
b100000 y
b0 +"
b110 ,"
b1000000000000 +
1)
b100110 ,
b1100011 ""
b11000100110010101110001001000000010000001101110011011110111010000101101011101000110000101101011011001010110111000111010001000000110011001100001011011000110110001110100011010000111001001101111011101010110011101101000 #"
b1100011 !"
b100 $"
#5960000
0%
#5970000
b0 7
b0 w
1R
0H
b0 D
b0 i
1<
b100 A
b10011 @
b10011 f
b10011 k
b0 $
b0 \
b10011 [
b10011 j
b100 W
b0 N
b0 Z
b1 +"
1%
#5980000
0%
#5990000
b10 +"
1%
#6000000
0%
#6010000
b11 +"
1%
#6020000
0%
#6030000
b100 +"
1%
#6040000
0%
#6050000
b101 +"
1%
#6060000
0%
#6070000
b110 +"
1%
#6071000
0)
#6072000
b11111111111111111111111110010011 G
b11111111111111111111111110010011 r
b10010011 q
b10010011 p
b10100000000000010010011 '
b10100000000000010010011 /
b10100000000000010010011 o
b0 +"
b10000 ,"
b1101111 *"
b10100 )"
#6080000
0%
#6090000
b101 7
b101 w
b0 G
b0 r
b0 q
b10 8
b10 ~
0O
b1 m
b1 z
b100 .
11
06
b101 S
b101 a
b101 b
0#
b101 T
b101 _
b1 ?
b1 x
b101 :
b101 v
b101 N
b101 J
b101 l
1]
b10100000000000010010011 [
b10100000000000010010011 j
b1 +"
1%
#6100000
0%
#6110000
01
b1 G
b1 r
b1 q
b100010011 p
b1000 A
1#
b11000000000000100010011 '
b11000000000000100010011 /
b11000000000000100010011 o
b100 $
b100 \
0]
b1000 W
b1001 N
b100 Z
b10 +"
1%
#6120000
0%
#6130000
b110 7
b110 w
b1100000 G
b1100000 r
b1100000 p
b1100000 q
b100 8
b100 ~
b10 m
b10 z
b110 .
11
b110 S
b110 a
b110 b
0#
b110 T
b110 _
b10 ?
b10 x
b110 :
b110 v
b1010 N
b110 J
b110 l
1]
b11000000000000100010011 [
b11000000000000100010011 j
b11 +"
1%
#6140000
0%
#6150000
01
b100000 G
b100000 r
b100000 q
b100000 p
b1100 A
1#
b1000001001010001100011 '
b1000001001010001100011 /
b1000001001010001100011 o
b1000 $
b1000 \
0]
b1100 W
b1110 N
b1000 Z
b100 +"
1%
#6160000
0%
#6170000
b10000 A
b11111111111111111111111111111111 7
b11111111111111111111111111111111 w
b100000 G
b100000 r
b100000 p
b0 q
b11 m
b11 z
b11111111111111111111111111111110 .
1-
b11111111111111111111111111111111 S
b11111111111111111111111111111111 a
b11111111111111111111111111111111 b
0#
1O
b100 V
b100 `
b100 g
1P
b1 L
b1 h
0<
0R
b101 U
b101 ^
b1100 8
b1100 ~
b1100000000000000110 "
b1100000000000000110 0
b1100000000000000110 9
b1100000000000000110 }
b110 T
b110 _
b1100011 @
b1100011 f
b1000 ?
b1000 x
b1 M
b1 c
b1 d
b1 n
b1 {
b101 >
b101 s
b1 ;
b1 u
b110 =
b110 t
b110 |
b10 :
b10 v
b10000 N
b1000 J
b1000 l
b1100011 k
1]
b1000001001010001100011 [
b1000001001010001100011 j
b101 +"
1%
#6180000
0%
#6190000
b10000 G
b10000 r
b10000 p
b11000 A
1#
b100000000001010010011 '
b100000000001010010011 /
b100000000001010010011 o
b10000 $
b10000 \
0]
b10100 W
b11000 N
b10000 Z
b110 +"
1%
#6200000
0%
#6210000
b1 7
b1 w
b1010010011 p
b10 q
b1 m
b1 z
b0 .
b10100 A
11
0-
b1 S
b1 a
b1 b
0#
0O
1R
1<
b0 L
b0 h
0P
b10 V
b10 `
b10 g
b10 G
b10 r
b0 U
b0 ^
b10 8
b10 ~
b101000001010000010100000101 "
b101000001010000010100000101 0
b101000001010000010100000101 9
b101000001010000010100000101 }
b1 T
b1 _
b10011 @
b10011 f
b101 ?
b101 x
b0 M
b0 c
b0 d
b0 n
b0 {
b0 >
b0 s
b0 ;
b0 u
b101 =
b101 t
b101 |
b1 :
b1 v
b10001 N
b1 J
b1 l
b10011 k
1]
b100000000001010010011 [
b100000000001010010011 j
b111 +"
1%
#6220000
0%
#6230000
01
b0 G
b0 r
b0 q
b1101111 p
b11000 A
1#
b1101111 '
b1101111 /
b1101111 o
b10100 $
b10100 \
0]
b11000 W
b10101 N
b10100 Z
b1000 +"
1%
#6240000
0%
#6250000
b1101111 G
b1101111 r
b11000 7
b11000 w
b1101111 q
b1 8
b1 ~
b10100 A
1O
b0 m
b0 z
11
16
b0 S
b0 a
b0 b
0#
b10 D
b10 i
1H
1<
0R
b0 "
b0 0
b0 9
b0 }
b0 T
b0 _
b1101111 @
b1101111 f
b0 ?
b0 x
b0 =
b0 t
b0 |
b0 :
b0 v
b10100 N
b0 J
b0 l
b1101111 k
1]
b1101111 [
b1101111 j
b1001 +"
1%
#6260000
0%
#6270000
01
1#
0]
b1010 +"
1%
#6280000
0%
#6290000
11
0#
1]
b1011 +"
1%
#6300000
0%
#6310000
01
1#
0]
b1100 +"
1%
#6320000
0%
#6330000
11
0#
1]
b1101 +"
1%
#6340000
0%
#6350000
01
1#
0]
b1110 +"
1%
#6360000
0%
#6370000
11
0#
1]
b1111 +"
1%
#6380000
0%
#6390000
01
1#
0]
b10000 +"
1%
#6391000
b0 G
b0 r
b0 q
b0 p
b0 '
b0 /
b0 o
b100000 y
b0 +"
b110 ,"
b1000000000000 +
1)
b101 $"
b101000 ,
b1 ""
b110001001101110011001010010000000100000011101000110000101101011011001010110111000111010001000000110110101100001011100100110101101100101011100100010000001110111011100100110100101110100011101000110010101101110 #"
b1 !"
#6400000
0%
#6410000
b0 7
b0 w
1R
0H
b0 D
b0 i
1<
b100 A
b10011 @
b10011 f
b10011 k
b0 $
b0 \
b10011 [
b10011 j
b100 W
b0 N
b0 Z
b1 +"
1%
#6420000
0%
#6430000
b10 +"
1%
#6440000
0%
#6450000
b11 +"
1%
#6460000
0%
#6470000
b100 +"
1%
#6480000
0%
#6490000
b101 +"
1%
#6500000
0%
#6510000
b110 +"
1%
#6511000
0)
#6512000
b11111111111111111111111110010011 G
b11111111111111111111111110010011 r
b10010011 q
b10010011 p
b10100000000000010010011 '
b10100000000000010010011 /
b10100000000000010010011 o
b0 +"
b10000 ,"
b1101111 *"
b10100 )"
#6520000
0%
#6530000
b101 7
b101 w
b0 G
b0 r
b0 q
b10 8
b10 ~
0O
b1 m
b1 z
b100 .
11
06
b101 S
b101 a
b101 b
0#
b101 T
b101 _
b1 ?
b1 x
b101 :
b101 v
b101 N
b101 J
b101 l
1]
b10100000000000010010011 [
b10100000000000010010011 j
b1 +"
1%
#6540000
0%
#6550000
01
b1 G
b1 r
b1 q
b100010011 p
b1000 A
1#
b101000000000000100010011 '
b101000000000000100010011 /
b101000000000000100010011 o
b100 $
b100 \
0]
b1000 W
b1001 N
b100 Z
b10 +"
1%
#6560000
0%
#6570000
b1010 7
b1010 w
b11111111111111111111111110100000 G
b11111111111111111111111110100000 r
b10100000 p
b10100000 q
b100 8
b100 ~
b10 m
b10 z
b1010 .
11
b1010 S
b1010 a
b1010 b
0#
b1010 T
b1010 _
b10 ?
b10 x
b1010 :
b1010 v
b1110 N
b1010 J
b1010 l
1]
b101000000000000100010011 [
b101000000000000100010011 j
b11 +"
1%
#6580000
0%
#6590000
01
b100000 G
b100000 r
b100000 q
b100000 p
b1100 A
1#
b1000001100010001100011 '
b1000001100010001100011 /
b1000001100010001100011 o
b1000 $
b1000 \
0]
b1100 W
b10010 N
b1000 Z
b100 +"
1%
#6600000
0%
#6610000
b10000 A
b1 7
b1 w
b11000100 G
b11000100 r
b1100010001100011 p
1-
b11000100 q
1O
b1 m
b1 z
b0 .
b1 S
b1 a
b1 b
0#
b1000 V
b1000 `
b1000 g
1P
b100 L
b100 h
0<
0R
b101 U
b101 ^
b0 8
b0 ~
b1010 T
b1010 _
b1100011 @
b1100011 f
b1000 ?
b1000 x
b100 M
b100 c
b100 d
b100 n
b100 {
b101 >
b101 s
b1 ;
b1 u
b1010 =
b1010 t
b1010 |
b10 :
b10 v
b10000 N
b1000 J
b1000 l
b1100011 k
1]
b1000001100010001100011 [
b1000001100010001100011 j
b101 +"
1%
#6620000
0%
#6630000
b10 G
b10 r
b10 q
b1010010011 p
b11000 A
1#
b100000000001010010011 '
b100000000001010010011 /
b100000000001010010011 o
b10000 $
b10000 \
0]
b10100 W
b11000 N
b10000 Z
b110 +"
1%
#6640000
0%
#6650000
b1 7
b1 w
b0 .
b10100 A
11
0-
b1 S
b1 a
b1 b
0#
0O
1R
1<
b0 L
b0 h
0P
b10 V
b10 `
b10 g
b0 U
b0 ^
b10 8
b10 ~
b101000001010000010100000101 "
b101000001010000010100000101 0
b101000001010000010100000101 9
b101000001010000010100000101 }
b1 T
b1 _
b10011 @
b10011 f
b101 ?
b101 x
b0 M
b0 c
b0 d
b0 n
b0 {
b0 >
b0 s
b0 ;
b0 u
b101 =
b101 t
b101 |
b1 :
b1 v
b10001 N
b1 J
b1 l
b10011 k
1]
b100000000001010010011 [
b100000000001010010011 j
b111 +"
1%
#6660000
0%
#6670000
01
b0 G
b0 r
b0 q
b1101111 p
b11000 A
1#
b1101111 '
b1101111 /
b1101111 o
b10100 $
b10100 \
0]
b11000 W
b10101 N
b10100 Z
b1000 +"
1%
#6680000
0%
#6690000
b1101111 G
b1101111 r
b11000 7
b11000 w
b1101111 q
b1 8
b1 ~
b10100 A
1O
b0 m
b0 z
11
16
b0 S
b0 a
b0 b
0#
b10 D
b10 i
1H
1<
0R
b0 "
b0 0
b0 9
b0 }
b0 T
b0 _
b1101111 @
b1101111 f
b0 ?
b0 x
b0 =
b0 t
b0 |
b0 :
b0 v
b10100 N
b0 J
b0 l
b1101111 k
1]
b1101111 [
b1101111 j
b1001 +"
1%
#6700000
0%
#6710000
01
1#
0]
b1010 +"
1%
#6720000
0%
#6730000
11
0#
1]
b1011 +"
1%
#6740000
0%
#6750000
01
1#
0]
b1100 +"
1%
#6760000
0%
#6770000
11
0#
1]
b1101 +"
1%
#6780000
0%
#6790000
01
1#
0]
b1110 +"
1%
#6800000
0%
#6810000
11
0#
1]
b1111 +"
1%
#6820000
0%
#6830000
01
1#
0]
b10000 +"
1%
#6831000
b0 G
b0 r
b0 q
b0 p
b0 '
b0 /
b0 o
b100000 y
b0 +"
b110 ,"
b1000000000000 +
1)
b101010 ,
b1 ""
b110001001101100011101000010000000100000011101000110000101101011011001010110111000111010001000000110110101100001011100100110101101100101011100100010000001110111011100100110100101110100011101000110010101101110 #"
b1 !"
b101 $"
#6840000
0%
#6850000
b0 7
b0 w
1R
0H
b0 D
b0 i
1<
b100 A
b10011 @
b10011 f
b10011 k
b0 $
b0 \
b10011 [
b10011 j
b100 W
b0 N
b0 Z
b1 +"
1%
#6860000
0%
#6870000
b10 +"
1%
#6880000
0%
#6890000
b11 +"
1%
#6900000
0%
#6910000
b100 +"
1%
#6920000
0%
#6930000
b101 +"
1%
#6940000
0%
#6950000
b110 +"
1%
#6951000
0)
#6952000
b11111111111111111111111110010011 G
b11111111111111111111111110010011 r
b10010011 q
b10010011 p
b101000000000000010010011 '
b101000000000000010010011 /
b101000000000000010010011 o
b0 +"
b10000 ,"
b1101111 *"
b10100 )"
#6960000
0%
#6970000
b1010 7
b1010 w
b11111111111111111111111110100000 G
b11111111111111111111111110100000 r
b10100000 p
b10100000 q
b100 8
b100 ~
0O
b10 m
b10 z
b1010 .
11
06
b1010 S
b1010 a
b1010 b
0#
b1010 T
b1010 _
b1 ?
b1 x
b1010 :
b1010 v
b1010 N
b1010 J
b1010 l
1]
b101000000000000010010011 [
b101000000000000010010011 j
b1 +"
1%
#6980000
0%
#6990000
01
b1010000 G
b1010000 r
b1010000 q
b1010000 p
b1000 A
1#
b10100000000000100010011 '
b10100000000000100010011 /
b10100000000000100010011 o
b100 $
b100 \
0]
b1000 W
b1110 N
b100 Z
b10 +"
1%
#7000000
0%
#7010000
b101 7
b101 w
b1 G
b1 r
b100010011 p
b1 q
b10 8
b10 ~
b1 m
b1 z
b100 .
11
b101 S
b101 a
b101 b
0#
b101 T
b101 _
b10 ?
b10 x
b101 :
b101 v
b1001 N
b101 J
b101 l
1]
b10100000000000100010011 [
b10100000000000100010011 j
b11 +"
1%
#7020000
0%
#7030000
01
b11111111111111111111111111010100 G
b11111111111111111111111111010100 r
b11010100 q
b1101010001100011 p
b1100 A
1#
b1000001101010001100011 '
b1000001101010001100011 /
b1000001101010001100011 o
b1000 $
b1000 \
0]
b1100 W
b1101 N
b1000 Z
b100 +"
1%
#7040000
0%
#7050000
b10000 A
b0 7
b0 w
1-
b1100011 q
1O
b0 m
b0 z
b0 .
16
b0 S
b0 a
b0 b
0#
b1000 V
b1000 `
b1000 g
1P
b101 L
b101 h
0<
0R
b1101010001100011 G
b1101010001100011 r
b1010 U
b1010 ^
b0 8
b0 ~
b101 T
b101 _
b1100011 @
b1100011 f
b1000 ?
b1000 x
b101 M
b101 c
b101 d
b101 n
b101 {
b1010 >
b1010 s
b1 ;
b1 u
b101 =
b101 t
b101 |
b10 :
b10 v
b10000 N
b1000 J
b1000 l
b1100011 k
1]
b1000001101010001100011 [
b1000001101010001100011 j
b101 +"
1%
#7060000
0%
#7070000
b1010010011 G
b1010010011 r
b10010011 q
b1010010011 p
b11000 A
1#
b100000000001010010011 '
b100000000001010010011 /
b100000000001010010011 o
b10000 $
b10000 \
0]
b10100 W
b11000 N
b10000 Z
b110 +"
1%
#7080000
0%
#7090000
b1 7
b1 w
b1010010011 p
b10 q
0O
b1 m
b1 z
b0 .
b10100 A
11
0-
06
b1 S
b1 a
b1 b
0#
1R
1<
b0 L
b0 h
0P
b10 V
b10 `
b10 g
b10 G
b10 r
b0 U
b0 ^
b10 8
b10 ~
b1010000010100000101000001010 "
b1010000010100000101000001010 0
b1010000010100000101000001010 9
b1010000010100000101000001010 }
b1 T
b1 _
b10011 @
b10011 f
b101 ?
b101 x
b0 M
b0 c
b0 d
b0 n
b0 {
b0 >
b0 s
b0 ;
b0 u
b1010 =
b1010 t
b1010 |
b1 :
b1 v
b10001 N
b1 J
b1 l
b10011 k
1]
b100000000001010010011 [
b100000000001010010011 j
b111 +"
1%
#7100000
0%
#7110000
01
b0 G
b0 r
b0 q
b1101111 p
b11000 A
1#
b1101111 '
b1101111 /
b1101111 o
b10100 $
b10100 \
0]
b11000 W
b10101 N
b10100 Z
b1000 +"
1%
#7120000
0%
#7130000
b1101111 G
b1101111 r
b11000 7
b11000 w
b1101111 q
b1 8
b1 ~
b10100 A
1O
b0 m
b0 z
11
16
b0 S
b0 a
b0 b
0#
b10 D
b10 i
1H
1<
0R
b0 "
b0 0
b0 9
b0 }
b0 T
b0 _
b1101111 @
b1101111 f
b0 ?
b0 x
b0 =
b0 t
b0 |
b0 :
b0 v
b10100 N
b0 J
b0 l
b1101111 k
1]
b1101111 [
b1101111 j
b1001 +"
1%
#7140000
0%
#7150000
01
1#
0]
b1010 +"
1%
#7160000
0%
#7170000
11
0#
1]
b1011 +"
1%
#7180000
0%
#7190000
01
1#
0]
b1100 +"
1%
#7200000
0%
#7210000
11
0#
1]
b1101 +"
1%
#7220000
0%
#7230000
01
1#
0]
b1110 +"
1%
#7240000
0%
#7250000
11
0#
1]
b1111 +"
1%
#7260000
0%
#7270000
01
1#
0]
b10000 +"
1%
#7271000
b0 G
b0 r
b0 q
b0 p
b0 '
b0 /
b0 o
b100000 y
b0 +"
b110 ,"
b1000000000000 +
1)
b101100 ,
b1 ""
b110001001100111011001010010000000100000011101000110000101101011011001010110111000111010001000000110110101100001011100100110101101100101011100100010000001110111011100100110100101110100011101000110010101101110 #"
b1 !"
b101 $"
#7280000
0%
#7290000
b0 7
b0 w
1R
0H
b0 D
b0 i
1<
b100 A
b10011 @
b10011 f
b10011 k
b0 $
b0 \
b10011 [
b10011 j
b100 W
b0 N
b0 Z
b1 +"
1%
#7300000
0%
#7310000
b10 +"
1%
#7320000
0%
#7330000
b11 +"
1%
#7340000
0%
#7350000
b100 +"
1%
#7360000
0%
#7370000
b101 +"
1%
#7380000
0%
#7390000
b110 +"
1%
#7391000
0)
#7392000
b11111111111111111111111110010011 G
b11111111111111111111111110010011 r
b10010011 q
b10010011 p
b11111111111100000000000010010011 '
b11111111111100000000000010010011 /
b11111111111100000000000010010011 o
b0 +"
b1110 ,"
b1101111 *"
b10000 )"
#7400000
0%
#7410000
b11111111111111111111111111111111 7
b11111111111111111111111111111111 w
b11111111111111111111111111111111 G
b11111111111111111111111111111111 r
b1111111111110000 p
b11111111 q
b1000 8
b1000 ~
0O
b11 m
b11 z
b11111111111111111111111111111110 .
11
06
b11111111111111111111111111111111 S
b11111111111111111111111111111111 a
b11111111111111111111111111111111 b
0#
1<
1R
b11111111111111111111111111111111 T
b11111111111111111111111111111111 _
b1 ?
b1 x
b11111 :
b11111 v
b1111111 K
b1111111 e
b11111111111111111111111111111111 N
b11111111111111111111111111111111 J
b11111111111111111111111111111111 l
1]
b11111111111100000000000010010011 [
b11111111111100000000000010010011 j
b1 +"
1%
#7420000
0%
#7430000
01
b0 G
b0 r
b0 q
b10000 p
b1000 A
1#
b100000000000100010011 '
b100000000000100010011 /
b100000000000100010011 o
b100 $
b100 \
0]
b1000 W
b11 N
b100 Z
b10 +"
1%
#7440000
0%
#7450000
b1 7
b1 w
b1 G
b1 r
b100010011 p
b1 q
b10 8
b10 ~
b1 m
b1 z
b0 .
11
b1 S
b1 a
b1 b
0#
b11111111111111111111111111111111 "
b11111111111111111111111111111111 0
b11111111111111111111111111111111 9
b11111111111111111111111111111111 }
1<
1R
b1 T
b1 _
b10 ?
b10 x
b11111111111111111111111111111111 =
b11111111111111111111111111111111 t
b11111111111111111111111111111111 |
b1 :
b1 v
b0 K
b0 e
b101 N
b1 J
b1 l
1]
b100000000000100010011 [
b100000000000100010011 j
b11 +"
1%
#7460000
0%
#7470000
01
b11111111111111111111111111100100 G
b11111111111111111111111111100100 r
b11100100 q
b1110010001100011 p
b1100 A
1#
b1000001110010001100011 '
b1000001110010001100011 /
b1000001110010001100011 o
b1000 $
b1000 \
0]
b1100 W
b1001 N
b1000 Z
b100 +"
1%
#7480000
0%
#7490000
b1100 A
b0 7
b0 w
b1100011 q
b0 m
b0 z
0-
16
b0 S
b0 a
b0 b
0#
0O
b1001 V
b1001 `
b1001 g
1P
b110 L
b110 h
0<
0R
bx G
bx r
b11111111111111111111111111111111 U
b11111111111111111111111111111111 ^
b0 8
b0 ~
b0 "
b0 0
b0 9
b0 }
b1 T
b1 _
b1100011 @
b1100011 f
b1000 ?
b1000 x
b110 M
b110 c
b110 d
b110 n
b110 {
b11111111111111111111111111111111 >
b11111111111111111111111111111111 s
b1 ;
b1 u
b1 =
b1 t
b1 |
b10 :
b10 v
b10000 N
b1000 J
b1000 l
b1100011 k
1]
b1000001110010001100011 [
b1000001110010001100011 j
b101 +"
1%
#7500000
0%
#7510000
b10011 q
b1000010011 p
b10000 A
1#
b110001100000000001000010011 '
b110001100000000001000010011 /
b110001100000000001000010011 o
b1100 $
b1100 \
0]
b10000 W
b10100 N
b1100 Z
b110 +"
1%
#7520000
0%
#7530000
b1100011 7
b1100011 w
b11000110000 p
b110 q
b11 m
b11 z
b1100010 .
11
06
b1100011 S
b1100011 a
b1100011 b
0#
0O
b110 G
b110 r
b0 U
b0 ^
b1000 8
b1000 ~
b1100011 T
b1100011 _
1R
1<
b0 L
b0 h
0P
b10 V
b10 `
b10 g
b10011 @
b10011 f
b100 ?
b100 x
b0 M
b0 c
b0 d
b0 n
b0 {
b0 >
b0 s
b0 ;
b0 u
b0 =
b0 t
b0 |
b11 :
b11 v
b11 K
b11 e
b1101111 N
b1100011 J
b1100011 l
b10011 k
1]
b110001100000000001000010011 [
b110001100000000001000010011 j
b111 +"
1%
#7540000
0%
#7550000
01
b0 G
b0 r
b0 q
b0 p
b10100 A
1#
b1101111 '
b1101111 /
b1101111 o
b10000 $
b10000 \
0]
b10100 W
b1110011 N
b10000 Z
b1000 +"
1%
#7560000
0%
#7570000
b1101111 G
b1101111 r
b1101111 p
b10100 7
b10100 w
b1101111 q
b1 8
b1 ~
b10000 A
1O
b0 m
b0 z
b0 .
11
16
b0 S
b0 a
b0 b
0#
b10 D
b10 i
1H
1<
0R
b0 T
b0 _
b1101111 @
b1101111 f
b0 ?
b0 x
b0 :
b0 v
b0 K
b0 e
b10000 N
b0 J
b0 l
b1101111 k
1]
b1101111 [
b1101111 j
b1001 +"
1%
#7580000
0%
#7590000
01
1#
0]
b1010 +"
1%
#7600000
0%
#7610000
11
0#
1]
b1011 +"
1%
#7620000
0%
#7630000
01
1#
0]
b1100 +"
1%
#7640000
0%
#7650000
11
0#
1]
b1101 +"
1%
#7660000
0%
#7670000
01
1#
0]
b1110 +"
1%
#7671000
b0 G
b0 r
b0 q
b0 p
b0 '
b0 /
b0 o
b100000 y
b0 +"
b110 ,"
b1000000000000 +
1)
b101101 ,
b1100011 ""
b111010001100001011010110110010101101110001110100010000000110000011110000100011001000110010001100100011000100001001111000011000100100000011101010110111001110011011010010110011101101110011001010110010000100000001010000100111001001111010101000100010100101001 #"
b1100011 !"
b100 $"
#7680000
0%
#7690000
b0 7
b0 w
1R
0H
b0 D
b0 i
1<
b100 A
b10011 @
b10011 f
b10011 k
b0 $
b0 \
b10011 [
b10011 j
b100 W
b0 N
b0 Z
b1 +"
1%
#7700000
0%
#7710000
b10 +"
1%
#7720000
0%
#7730000
b11 +"
1%
#7740000
0%
#7750000
b100 +"
1%
#7760000
0%
#7770000
b101 +"
1%
#7780000
0%
#7790000
b110 +"
1%
#7791000
0)
#7792000
b11111111111111111111111110010011 G
b11111111111111111111111110010011 r
b10010011 q
b10010011 p
b100000000000010010011 '
b100000000000010010011 /
b100000000000010010011 o
b0 +"
b10000 ,"
b1101111 *"
b10100 )"
#7800000
0%
#7810000
b1 7
b1 w
b0 G
b0 r
b0 q
b10 8
b10 ~
0O
b1 m
b1 z
11
06
b1 S
b1 a
b1 b
0#
b1 T
b1 _
b1 ?
b1 x
b1 :
b1 v
b1 N
b1 J
b1 l
1]
b100000000000010010011 [
b100000000000010010011 j
b1 +"
1%
#7820000
0%
#7830000
01
b1 G
b1 r
b1 q
b100010011 p
b1000 A
1#
b11111111111100000000000100010011 '
b11111111111100000000000100010011 /
b11111111111100000000000100010011 o
b100 $
b100 \
b1000000010000000100000001 "
b1000000010000000100000001 0
b1000000010000000100000001 9
b1000000010000000100000001 }
0]
b1000 W
b101 N
b100 Z
b1 =
b1 t
b1 |
b10 +"
1%
#7840000
0%
#7850000
b11111111111111111111111111111111 7
b11111111111111111111111111111111 w
b11111111111111111111111111111111 G
b11111111111111111111111111111111 r
b1111111111110000 p
b11111111 q
b1000 8
b1000 ~
b11 m
b11 z
b11111111111111111111111111111110 .
11
b11111111111111111111111111111111 S
b11111111111111111111111111111111 a
b11111111111111111111111111111111 b
0#
b0 "
b0 0
b0 9
b0 }
1<
1R
b11111111111111111111111111111111 T
b11111111111111111111111111111111 _
b10 ?
b10 x
b0 =
b0 t
b0 |
b11111 :
b11111 v
b1111111 K
b1111111 e
b11 N
b11111111111111111111111111111111 J
b11111111111111111111111111111111 l
1]
b11111111111100000000000100010011 [
b11111111111100000000000100010011 j
b11 +"
1%
#7860000
0%
#7870000
01
b0 G
b0 r
b0 q
b100000 p
b1100 A
1#
b1000001110010001100011 '
b1000001110010001100011 /
b1000001110010001100011 o
b1000 $
b1000 \
0]
b1100 W
b111 N
b1000 Z
b100 +"
1%
#7880000
0%
#7890000
b10000 A
b1 7
b1 w
b1110010001100011 p
b11100100 q
b1 m
b1 z
b0 .
1-
b1 S
b1 a
b1 b
0#
1O
bx G
bx r
b1 U
b1 ^
b0 8
b0 ~
b1001 V
b1001 `
b1001 g
1P
b110 L
b110 h
0<
0R
b11111111111111111111111111111111 T
b11111111111111111111111111111111 _
b1100011 @
b1100011 f
b1000 ?
b1000 x
b110 M
b110 c
b110 d
b110 n
b110 {
b1 >
b1 s
b1 ;
b1 u
b11111111111111111111111111111111 =
b11111111111111111111111111111111 t
b11111111111111111111111111111111 |
b10 :
b10 v
b0 K
b0 e
b10000 N
b1000 J
b1000 l
b1100011 k
1]
b1000001110010001100011 [
b1000001110010001100011 j
b101 +"
1%
#7900000
0%
#7910000
b10 q
b1010010011 p
b11000 A
1#
b100000000001010010011 '
b100000000001010010011 /
b100000000001010010011 o
b10000 $
b10000 \
0]
b10100 W
b11000 N
b10000 Z
b110 +"
1%
#7920000
0%
#7930000
b10100 A
11
0-
0#
0O
1R
1<
b0 L
b0 h
0P
b10 V
b10 `
b10 g
b10 G
b10 r
b0 U
b0 ^
b10 8
b10 ~
b1000000010000000100000001 "
b1000000010000000100000001 0
b1000000010000000100000001 9
b1000000010000000100000001 }
b1 T
b1 _
b10011 @
b10011 f
b101 ?
b101 x
b0 M
b0 c
b0 d
b0 n
b0 {
b0 >
b0 s
b0 ;
b0 u
b1 =
b1 t
b1 |
b1 :
b1 v
b10001 N
b1 J
b1 l
b10011 k
1]
b100000000001010010011 [
b100000000001010010011 j
b111 +"
1%
#7940000
0%
#7950000
01
b0 G
b0 r
b0 q
b1101111 p
b11000 A
1#
b1101111 '
b1101111 /
b1101111 o
b10100 $
b10100 \
0]
b11000 W
b10101 N
b10100 Z
b1000 +"
1%
#7960000
0%
#7970000
b1101111 G
b1101111 r
b11000 7
b11000 w
b1101111 q
b1 8
b1 ~
b10100 A
1O
b0 m
b0 z
11
16
b0 S
b0 a
b0 b
0#
b10 D
b10 i
1H
1<
0R
b0 "
b0 0
b0 9
b0 }
b0 T
b0 _
b1101111 @
b1101111 f
b0 ?
b0 x
b0 =
b0 t
b0 |
b0 :
b0 v
b10100 N
b0 J
b0 l
b1101111 k
1]
b1101111 [
b1101111 j
b1001 +"
1%
#7980000
0%
#7990000
01
1#
0]
b1010 +"
1%
#8000000
0%
#8010000
11
0#
1]
b1011 +"
1%
#8020000
0%
#8030000
01
1#
0]
b1100 +"
1%
#8040000
0%
#8050000
11
0#
1]
b1101 +"
1%
#8060000
0%
#8070000
01
1#
0]
b1110 +"
1%
#8080000
0%
#8090000
11
0#
1]
b1111 +"
1%
#8100000
0%
#8110000
01
1#
0]
b10000 +"
1%
#8111000
b0 G
b0 r
b0 q
b0 p
b0 '
b0 /
b0 o
b100000 y
b0 +"
b110 ,"
b1000000000000 +
1)
b101 $"
b101111 ,
b1 ""
b1100010011011000111010001110101001000000111010001100001011010110110010101101110001110100010000001101101011000010111001001101011011001010111001000100000001010000100111001001111010101000100010100101001 #"
b1 !"
#8120000
0%
#8130000
b0 7
b0 w
1R
0H
b0 D
b0 i
1<
b100 A
b10011 @
b10011 f
b10011 k
b0 $
b0 \
b10011 [
b10011 j
b100 W
b0 N
b0 Z
b1 +"
1%
#8140000
0%
#8150000
b10 +"
1%
#8160000
0%
#8170000
b11 +"
1%
#8180000
0%
#8190000
b100 +"
1%
#8200000
0%
#8210000
b101 +"
1%
#8220000
0%
#8230000
b110 +"
1%
#8231000
0)
#8232000
b11111111111111111111111110010011 G
b11111111111111111111111110010011 r
b10010011 q
b10010011 p
b11111111111100000000000010010011 '
b11111111111100000000000010010011 /
b11111111111100000000000010010011 o
b0 +"
b10000 ,"
b1101111 *"
b10100 )"
#8240000
0%
#8250000
b11111111111111111111111111111111 7
b11111111111111111111111111111111 w
b11111111111111111111111111111111 G
b11111111111111111111111111111111 r
b1111111111110000 p
b11111111 q
b1000 8
b1000 ~
0O
b11 m
b11 z
b11111111111111111111111111111110 .
11
06
b11111111111111111111111111111111 S
b11111111111111111111111111111111 a
b11111111111111111111111111111111 b
0#
1<
1R
b11111111111111111111111111111111 T
b11111111111111111111111111111111 _
b1 ?
b1 x
b11111 :
b11111 v
b1111111 K
b1111111 e
b11111111111111111111111111111111 N
b11111111111111111111111111111111 J
b11111111111111111111111111111111 l
1]
b11111111111100000000000010010011 [
b11111111111100000000000010010011 j
b1 +"
1%
#8260000
0%
#8270000
01
b0 G
b0 r
b0 q
b10000 p
b1000 A
1#
b100000000000100010011 '
b100000000000100010011 /
b100000000000100010011 o
b100 $
b100 \
0]
b1000 W
b11 N
b100 Z
b10 +"
1%
#8280000
0%
#8290000
b1 7
b1 w
b1 G
b1 r
b100010011 p
b1 q
b10 8
b10 ~
b1 m
b1 z
b0 .
11
b1 S
b1 a
b1 b
0#
b11111111111111111111111111111111 "
b11111111111111111111111111111111 0
b11111111111111111111111111111111 9
b11111111111111111111111111111111 }
1<
1R
b1 T
b1 _
b10 ?
b10 x
b11111111111111111111111111111111 =
b11111111111111111111111111111111 t
b11111111111111111111111111111111 |
b1 :
b1 v
b0 K
b0 e
b101 N
b1 J
b1 l
1]
b100000000000100010011 [
b100000000000100010011 j
b11 +"
1%
#8300000
0%
#8310000
01
b11111111111111111111111111110100 G
b11111111111111111111111111110100 r
b11110100 q
b1111010001100011 p
b1100 A
1#
b1000001111010001100011 '
b1000001111010001100011 /
b1000001111010001100011 o
b1000 $
b1000 \
0]
b1100 W
b1001 N
b1000 Z
b100 +"
1%
#8320000
0%
#8330000
b10000 A
b0 7
b0 w
1-
b1100011 q
1O
b0 m
b0 z
16
b0 S
b0 a
b0 b
0#
b1001 V
b1001 `
b1001 g
1P
b111 L
b111 h
0<
0R
bx G
bx r
b11111111111111111111111111111111 U
b11111111111111111111111111111111 ^
b0 8
b0 ~
b0 "
b0 0
b0 9
b0 }
b1 T
b1 _
b1100011 @
b1100011 f
b1000 ?
b1000 x
b111 M
b111 c
b111 d
b111 n
b111 {
b11111111111111111111111111111111 >
b11111111111111111111111111111111 s
b1 ;
b1 u
b1 =
b1 t
b1 |
b10 :
b10 v
b10000 N
b1000 J
b1000 l
b1100011 k
1]
b1000001111010001100011 [
b1000001111010001100011 j
b101 +"
1%
#8340000
0%
#8350000
b10010011 q
b1010010011 p
b11000 A
1#
b100000000001010010011 '
b100000000001010010011 /
b100000000001010010011 o
b10000 $
b10000 \
0]
b10100 W
b11000 N
b10000 Z
b110 +"
1%
#8360000
0%
#8370000
b1 7
b1 w
b1010010011 p
b10 q
0O
b1 m
b1 z
b0 .
b10100 A
11
0-
06
b1 S
b1 a
b1 b
0#
1R
1<
b0 L
b0 h
0P
b10 V
b10 `
b10 g
b10 G
b10 r
b0 U
b0 ^
b10 8
b10 ~
b11111111111111111111111111111111 "
b11111111111111111111111111111111 0
b11111111111111111111111111111111 9
b11111111111111111111111111111111 }
b1 T
b1 _
b10011 @
b10011 f
b101 ?
b101 x
b0 M
b0 c
b0 d
b0 n
b0 {
b0 >
b0 s
b0 ;
b0 u
b11111111111111111111111111111111 =
b11111111111111111111111111111111 t
b11111111111111111111111111111111 |
b1 :
b1 v
b10001 N
b1 J
b1 l
b10011 k
1]
b100000000001010010011 [
b100000000001010010011 j
b111 +"
1%
#8380000
0%
#8390000
01
b0 G
b0 r
b0 q
b1101111 p
b11000 A
1#
b1101111 '
b1101111 /
b1101111 o
b10100 $
b10100 \
0]
b11000 W
b10101 N
b10100 Z
b1000 +"
1%
#8400000
0%
#8410000
b1101111 G
b1101111 r
b11000 7
b11000 w
b1101111 q
b1 8
b1 ~
b10100 A
1O
b0 m
b0 z
11
16
b0 S
b0 a
b0 b
0#
b10 D
b10 i
1H
1<
0R
b0 "
b0 0
b0 9
b0 }
b0 T
b0 _
b1101111 @
b1101111 f
b0 ?
b0 x
b0 =
b0 t
b0 |
b0 :
b0 v
b10100 N
b0 J
b0 l
b1101111 k
1]
b1101111 [
b1101111 j
b1001 +"
1%
#8420000
0%
#8430000
01
1#
0]
b1010 +"
1%
#8440000
0%
#8450000
11
0#
1]
b1011 +"
1%
#8460000
0%
#8470000
01
1#
0]
b1100 +"
1%
#8480000
0%
#8490000
11
0#
1]
b1101 +"
1%
#8500000
0%
#8510000
01
1#
0]
b1110 +"
1%
#8520000
0%
#8530000
11
0#
1]
b1111 +"
1%
#8540000
0%
#8550000
01
1#
0]
b10000 +"
1%
#8551000
b0 G
b0 r
b0 q
b0 p
b0 '
b0 /
b0 o
b100000 y
b0 +"
b110 ,"
b1000000000000 +
1)
b110001 ,
b1 ""
b1100010011001110110010101110101001000000111010001100001011010110110010101101110001110100010000001101101011000010111001001101011011001010111001000100000001010000100111001001111010101000100010100101001 #"
b1 !"
b101 $"
#8560000
0%
#8570000
b0 7
b0 w
1R
0H
b0 D
b0 i
1<
b100 A
b10011 @
b10011 f
b10011 k
b0 $
b0 \
b10011 [
b10011 j
b100 W
b0 N
b0 Z
b1 +"
1%
#8580000
0%
#8590000
b10 +"
1%
#8600000
0%
#8610000
b11 +"
1%
#8620000
0%
#8630000
b100 +"
1%
#8640000
0%
#8650000
b101 +"
1%
#8660000
0%
#8670000
b110 +"
1%
#8671000
0)
#8672000
b11111111111111111111111111101111 G
b11111111111111111111111111101111 r
b11101111 q
b11101111 p
b100000000000000011101111 '
b100000000000000011101111 /
b100000000000000011101111 o
b0 +"
b1100 ,"
b1101111 *"
b1100 )"
#8680000
0%
#8690000
b100 7
b100 w
b1000 A
1O
b0 .
11
16
b0 S
b0 a
b0 b
0#
b10 D
b10 i
1H
1<
0R
b0 T
b0 _
b1101111 @
b1101111 f
b1 ?
b1 x
b1000 :
b1000 v
b1000 N
b1000 J
b1000 l
b1101111 k
1]
b100000000000000011101111 [
b100000000000000011101111 j
b1 +"
1%
#8700000
0%
#8710000
01
b11111111111111111111111110010011 G
b11111111111111111111111110010011 r
b10010011 q
b110010011 p
b1100 7
b1100 w
1#
b100000000000110010011 '
b100000000000110010011 /
b100000000000110010011 o
b10000 A
b1000 $
b1000 \
0]
b1100 W
b10000 N
b1000 Z
b10 +"
1%
#8720000
0%
#8730000
b1 G
b1 r
b1 q
b10 8
b10 ~
b1 m
b1 z
b1 7
b1 w
0O
b0 .
11
06
b1 S
b1 a
b1 b
b1100 A
0#
1R
0H
b0 D
b0 i
1<
b100000001000000010000000100 "
b100000001000000010000000100 0
b100000001000000010000000100 9
b100000001000000010000000100 }
b1 T
b1 _
b10011 @
b10011 f
b11 ?
b11 x
b100 =
b100 t
b100 |
b1 :
b1 v
b1001 N
b1 J
b1 l
b10011 k
1]
b100000000000110010011 [
b100000000000110010011 j
b11 +"
1%
#8740000
0%
#8750000
01
b0 G
b0 r
b0 q
b1101111 p
b10000 A
1#
b1101111 '
b1101111 /
b1101111 o
b1100 $
b1100 \
0]
b10000 W
b1101 N
b1100 Z
b100 +"
1%
#8760000
0%
#8770000
b1101111 G
b1101111 r
b10000 7
b10000 w
b1101111 q
b1 8
b1 ~
b1100 A
1O
b0 m
b0 z
11
16
b0 S
b0 a
b0 b
0#
b10 D
b10 i
1H
1<
0R
b0 "
b0 0
b0 9
b0 }
b0 T
b0 _
b1101111 @
b1101111 f
b0 ?
b0 x
b0 =
b0 t
b0 |
b0 :
b0 v
b1100 N
b0 J
b0 l
b1101111 k
1]
b1101111 [
b1101111 j
b101 +"
1%
#8780000
0%
#8790000
01
1#
0]
b110 +"
1%
#8800000
0%
#8810000
11
0#
1]
b111 +"
1%
#8820000
0%
#8830000
01
1#
0]
b1000 +"
1%
#8840000
0%
#8850000
11
0#
1]
b1001 +"
1%
#8860000
0%
#8870000
01
1#
0]
b1010 +"
1%
#8880000
0%
#8890000
11
0#
1]
b1011 +"
1%
#8900000
0%
#8910000
01
1#
0]
b1100 +"
1%
#8911000
b0 G
b0 r
b0 q
b0 p
b0 '
b0 /
b0 o
b100000 y
b0 +"
b110 ,"
b1000000000000 +
1)
b110100 ,
b1 ""
b110101001100001011011000010000001110100011000010111001001100111011001010111010000100000011011010110000101110010011010110110010101110010 #"
b1 !"
b11 $"
#8920000
0%
#8930000
b0 7
b0 w
1R
0H
b0 D
b0 i
1<
b100 A
b10011 @
b10011 f
b10011 k
b0 $
b0 \
b10011 [
b10011 j
b100 W
b0 N
b0 Z
b1 +"
1%
#8940000
0%
#8950000
b10 +"
1%
#8960000
0%
#8970000
b11 +"
1%
#8980000
0%
#8990000
b100 +"
1%
#9000000
0%
#9010000
b101 +"
1%
#9020000
0%
#9030000
b110 +"
1%
#9031000
0)
#9032000
b10011 G
b10011 r
b10011 q
b100010011 p
b1000000000000000100010011 '
b1000000000000000100010011 /
b1000000000000000100010011 o
b0 +"
b1110 ,"
b1101111 *"
b10000 )"
#9040000
0%
#9050000
b10000 7
b10000 w
0O
b10000 .
11
06
b10000 S
b10000 a
b10000 b
0#
b10000 T
b10000 _
b10 ?
b10 x
b10000 :
b10000 v
b10000 N
b10000 J
b10000 l
1]
b1000000000000000100010011 [
b1000000000000000100010011 j
b1 +"
1%
#9060000
0%
#9070000
01
b11111111111111111111111111100111 G
b11111111111111111111111111100111 r
b11100111 q
b11100111 p
b1000 A
1#
b11111111110000010000000011100111 '
b11111111110000010000000011100111 /
b11111111110000010000000011100111 o
b100 $
b100 \
0]
b1000 W
b10100 N
b100 Z
b10 +"
1%
#9080000
0%
#9090000
b1000 7
b1000 w
b1100 A
b1100 .
11
b1100 S
b1100 a
b1100 b
0#
b10000 U
b10000 ^
b10 D
b10 i
1I
1H
1<
1R
b11111111111111111111111111111100 T
b11111111111111111111111111111100 _
b1100111 @
b1100111 f
b1 ?
b1 x
b10000 >
b10000 s
b10 ;
b10 u
b11100 :
b11100 v
b1111111 K
b1111111 e
b0 N
b11111111111111111111111111111100 J
b11111111111111111111111111111100 l
b1100111 k
1]
b11111111110000010000000011100111 [
b11111111110000010000000011100111 j
b11 +"
1%
#9100000
0%
#9110000
01
b10011 G
b10011 r
b10011 q
b1000010011 p
b10000 7
b10000 w
1#
b100000000001000010011 '
b100000000001000010011 /
b100000000001000010011 o
b1100 $
b1100 \
0]
b10000 W
b1000 N
b1100 Z
b100 +"
1%
#9120000
0%
#9130000
b10 G
b10 r
b1 7
b1 w
b10 q
b10 8
b10 ~
b10000 A
b1 m
b1 z
b0 .
11
b1 S
b1 a
b1 b
0#
b0 U
b0 ^
b1000000010000000100000001000 "
b1000000010000000100000001000 0
b1000000010000000100000001000 9
b1000000010000000100000001000 }
0I
0H
b0 D
b0 i
1<
1R
b1 T
b1 _
b10011 @
b10011 f
b100 ?
b100 x
b0 >
b0 s
b0 ;
b0 u
b1000 =
b1000 t
b1000 |
b1 :
b1 v
b0 K
b0 e
b1101 N
b1 J
b1 l
b10011 k
1]
b100000000001000010011 [
b100000000001000010011 j
b101 +"
1%
#9140000
0%
#9150000
01
b0 G
b0 r
b0 q
b1101111 p
b10100 A
1#
b1101111 '
b1101111 /
b1101111 o
b10000 $
b10000 \
0]
b10100 W
b10001 N
b10000 Z
b110 +"
1%
#9160000
0%
#9170000
b1101111 G
b1101111 r
b10100 7
b10100 w
b1101111 q
b1 8
b1 ~
b10000 A
1O
b0 m
b0 z
11
16
b0 S
b0 a
b0 b
0#
b10 D
b10 i
1H
1<
0R
b0 "
b0 0
b0 9
b0 }
b0 T
b0 _
b1101111 @
b1101111 f
b0 ?
b0 x
b0 =
b0 t
b0 |
b0 :
b0 v
b10000 N
b0 J
b0 l
b1101111 k
1]
b1101111 [
b1101111 j
b111 +"
1%
#9180000
0%
#9190000
01
1#
0]
b1000 +"
1%
#9200000
0%
#9210000
11
0#
1]
b1001 +"
1%
#9220000
0%
#9230000
01
1#
0]
b1010 +"
1%
#9240000
0%
#9250000
11
0#
1]
b1011 +"
1%
#9260000
0%
#9270000
01
1#
0]
b1100 +"
1%
#9280000
0%
#9290000
11
0#
1]
b1101 +"
1%
#9300000
0%
#9310000
01
1#
0]
b1110 +"
1%
#9311000
b0 G
b0 r
b0 q
b0 p
b0 '
b0 /
b0 o
b100000 y
b0 +"
b110 ,"
b1000000000000 +
1)
b110111 ,
b1 ""
b11010100110000101101100011100100010000001110100011000010111001001100111011001010111010000100000011011010110000101110010011010110110010101110010 #"
b1 !"
b100 $"
#9320000
0%
#9330000
b0 7
b0 w
1R
0H
b0 D
b0 i
1<
b100 A
b10011 @
b10011 f
b10011 k
b0 $
b0 \
b10011 [
b10011 j
b100 W
b0 N
b0 Z
b1 +"
1%
#9340000
0%
#9350000
b10 +"
1%
#9360000
0%
#9370000
b11 +"
1%
#9380000
0%
#9390000
b100 +"
1%
#9400000
0%
#9410000
b101 +"
1%
#9420000
0%
#9430000
b110 +"
1%
#9431000
0)
#9432000
b11111111111111111111111110110111 G
b11111111111111111111111110110111 r
b10110111 q
b1110000010110111 p
b10101011110011011110000010110111 '
b10101011110011011110000010110111 /
b10101011110011011110000010110111 o
b0 +"
b1100 ,"
b1101111 *"
b1100 )"
#9440000
0%
#9450000
b0 .
11
b10101011110011011110000000000000 7
b10101011110011011110000000000000 w
16
b0 S
b0 a
b0 b
0#
0O
bx G
bx r
b0 8
b0 ~
1F
b110 L
b110 h
1<
0R
b0 T
b0 _
b110111 @
b110111 f
b1 ?
b1 x
b110 M
b110 c
b110 d
b110 n
b110 {
b11011 ;
b11011 u
b11100 :
b11100 v
b1010101 K
b1010101 e
b10101011110011011110000000000000 N
b10101011110011011110000000000000 J
b10101011110011011110000000000000 l
b110111 k
1]
b10101011110011011110000010110111 [
b10101011110011011110000010110111 j
b1 +"
1%
#9460000
0%
#9470000
01
b110111 q
b100110111 p
b1000 A
1#
b100110111 '
b100110111 /
b100110111 o
b100 $
b100 \
0]
b1000 W
b10101011110011011110000000000100 N
b100 Z
b10 +"
1%
#9480000
0%
#9490000
11
0#
1O
b110111 G
b110111 r
b1 8
b1 ~
b0 L
b0 h
1F
1<
b0 7
b0 w
b10 ?
b10 x
b0 M
b0 c
b0 d
b0 n
b0 {
b0 ;
b0 u
b0 :
b0 v
b0 K
b0 e
b100 N
b0 J
b0 l
1]
b100110111 [
b100110111 j
b11 +"
1%
#9500000
0%
#9510000
01
b11111111111111111111111110110111 G
b11111111111111111111111110110111 r
b10110111 q
b1111000110110111 p
b1100 A
1#
b11111111111111111111000110110111 '
b11111111111111111111000110110111 /
b11111111111111111111000110110111 o
b1000 $
b1000 \
0]
b1100 W
b1000 N
b1000 Z
b100 +"
1%
#9520000
0%
#9530000
11
0#
bx G
bx r
b0 8
b0 ~
b111 L
b111 h
1F
1<
b11111111111111111111000000000000 7
b11111111111111111111000000000000 w
b11 ?
b11 x
b111 M
b111 c
b111 d
b111 n
b111 {
b11111 ;
b11111 u
b11111 :
b11111 v
b1111111 K
b1111111 e
b11111111111111111111000000001000 N
b11111111111111111111000000000000 J
b11111111111111111111000000000000 l
1]
b11111111111111111111000110110111 [
b11111111111111111111000110110111 j
b101 +"
1%
#9540000
0%
#9550000
01
b1101111 q
b1101111 p
b10000 A
1#
b1101111 '
b1101111 /
b1101111 o
b1100 $
b1100 \
0]
b10000 W
b11111111111111111111000000001100 N
b1100 Z
b110 +"
1%
#9560000
0%
#9570000
b1100 A
11
0#
b1101111 G
b1101111 r
b1 8
b1 ~
b10 D
b10 i
1H
b0 L
b0 h
0F
1<
b10000 7
b10000 w
b1101111 @
b1101111 f
b0 ?
b0 x
b0 M
b0 c
b0 d
b0 n
b0 {
b0 ;
b0 u
b0 :
b0 v
b0 K
b0 e
b1100 N
b0 J
b0 l
b1101111 k
1]
b1101111 [
b1101111 j
b111 +"
1%
#9580000
0%
#9590000
01
1#
0]
b1000 +"
1%
#9600000
0%
#9610000
11
0#
1]
b1001 +"
1%
#9620000
0%
#9630000
01
1#
0]
b1010 +"
1%
#9640000
0%
#9650000
11
0#
1]
b1011 +"
1%
#9660000
0%
#9670000
01
1#
0]
b1100 +"
1%
#9671000
b0 G
b0 r
b0 q
b0 p
b0 '
b0 /
b0 o
b100000 y
b0 +"
b110 ,"
b1000000000000 +
1)
b111010 ,
b11111111111111111111000000000000 ""
b110110001110101011010010010000000110000011110000100011001000110010001100100011001000110 #"
b11111111111111111111000000000000 !"
b11 $"
#9680000
0%
#9690000
b0 7
b0 w
1R
0H
b0 D
b0 i
1<
b100 A
b10011 @
b10011 f
b10011 k
b0 $
b0 \
b10011 [
b10011 j
b100 W
b0 N
b0 Z
b1 +"
1%
#9700000
0%
#9710000
b10 +"
1%
#9720000
0%
#9730000
b11 +"
1%
#9740000
0%
#9750000
b100 +"
1%
#9760000
0%
#9770000
b101 +"
1%
#9780000
0%
#9790000
b110 +"
1%
#9791000
0)
#9792000
b11111111111111111111111110010111 G
b11111111111111111111111110010111 r
b10010111 q
b10010111 p
b10010111 '
b10010111 /
b10010111 o
b0 +"
b1100 ,"
b1101111 *"
b1100 )"
#9800000
0%
#9810000
11
0#
1Q
1<
1R
b10111 @
b10111 f
b1 ?
b1 x
b10111 k
1]
b10010111 [
b10010111 j
b1 +"
1%
#9820000
0%
#9830000
b100 7
b100 w
01
b10111 G
b10111 r
b10111 q
b1000100010111 p
b1000 A
0O
b100 .
1#
b1000100010111 '
b1000100010111 /
b1000100010111 o
06
b100 S
b100 a
b100 b
b100 $
b100 \
b100 U
b100 ^
0]
b1000 W
b100 N
b100 Z
b10 +"
1%
#9840000
0%
#9850000
b1000000000100 7
b1000000000100 w
b1000000000100 .
11
b1000000000100 S
b1000000000100 a
b1000000000100 b
0#
1O
b1 L
b1 h
1Q
1<
1R
b1000100010111 G
b1000100010111 r
b11 8
b11 ~
b1000000000000 T
b1000000000000 _
b10 ?
b10 x
b1 M
b1 c
b1 d
b1 n
b1 {
b1000000000100 N
b1000000000000 J
b1000000000000 l
1]
b1000100010111 [
b1000100010111 j
b11 +"
1%
#9860000
0%
#9870000
b1000000001000 7
b1000000001000 w
01
b11111111111111111110000110010111 G
b11111111111111111110000110010111 r
b10010111 q
b1110000110010111 p
b1100 A
b1000000001000 .
1#
b10101011110011011110000110010111 '
b10101011110011011110000110010111 /
b10101011110011011110000110010111 o
b1000000001000 S
b1000000001000 a
b1000000001000 b
b1000 $
b1000 \
b1000 U
b1000 ^
0]
b1100 W
b1000000001000 N
b1000 Z
b100 +"
1%
#9880000
0%
#9890000
b10101011110011011110000000001000 7
b10101011110011011110000000001000 w
b10101011110011011110000000001000 .
11
b10101011110011011110000000001000 S
b10101011110011011110000000001000 a
b10101011110011011110000000001000 b
0#
0O
bx G
bx r
b0 8
b0 ~
b110 L
b110 h
1Q
1<
1R
b10101011110011011110000000000000 T
b10101011110011011110000000000000 _
b11 ?
b11 x
b110 M
b110 c
b110 d
b110 n
b110 {
b11011 ;
b11011 u
b11100 :
b11100 v
b1010101 K
b1010101 e
b10101011110011011110000000001000 N
b10101011110011011110000000000000 J
b10101011110011011110000000000000 l
1]
b10101011110011011110000110010111 [
b10101011110011011110000110010111 j
b101 +"
1%
#9900000
0%
#9910000
b10101011110011011110000000001100 7
b10101011110011011110000000001100 w
01
b1101111 q
b1101111 p
b10000 A
b10101011110011011110000000001100 .
1#
b1101111 '
b1101111 /
b1101111 o
b10101011110011011110000000001100 S
b10101011110011011110000000001100 a
b10101011110011011110000000001100 b
b1100 $
b1100 \
b1100 U
b1100 ^
0]
b10000 W
b10101011110011011110000000001100 N
b1100 Z
b110 +"
1%
#9920000
0%
#9930000
b10000 7
b10000 w
1O
b1100 A
16
b0 .
11
b0 U
b0 ^
b0 S
b0 a
b0 b
0#
b1101111 G
b1101111 r
b1 8
b1 ~
b10 D
b10 i
1H
b0 L
b0 h
0Q
1<
0R
b0 T
b0 _
b1101111 @
b1101111 f
b0 ?
b0 x
b0 M
b0 c
b0 d
b0 n
b0 {
b0 ;
b0 u
b0 :
b0 v
b0 K
b0 e
b1100 N
b0 J
b0 l
b1101111 k
1]
b1101111 [
b1101111 j
b111 +"
1%
#9940000
0%
#9950000
01
1#
0]
b1000 +"
1%
#9960000
0%
#9970000
11
0#
1]
b1001 +"
1%
#9980000
0%
#9990000
01
1#
0]
b1010 +"
1%
#10000000
0%
#10010000
11
0#
1]
b1011 +"
1%
#10020000
0%
#10030000
01
1#
0]
b1100 +"
1%
#10031000
b111101 ,
b10101011110011011110000000001000 ""
b1100001011101010110100101110000011000110010000001010000010000110011110100111000001011000110100101101101011011010011110100110000011110000100000101000010010000110100010001000101 #"
b10101011110011011110000000001000 !"
b11 $"
